date,strategy_key,strategy_name,instrument_key,symbol,display_name,shares,market_value,portfolio_weight,entry_date,source_signal_id,source_rebalance_id
2018-02-28,n6,N6 Top-3 Industry Leaders,sector::XLF,XLF,XLF,0.013503203635,0.333333333333,0.333333333333,2018-02-28,2017-12-31::sector::XLF::top3_leader,n6::2018-02-28
2018-02-28,n6,N6 Top-3 Industry Leaders,sector::XLI,XLI,XLI,0.004997711048,0.333333333333,0.333333333333,2018-02-28,2017-12-31::sector::XLI::top3_leader,n6::2018-02-28
2018-02-28,n6,N6 Top-3 Industry Leaders,sector::XLP,XLP,XLP,0.007784833432,0.333333333333,0.333333333333,2018-02-28,2017-12-31::sector::XLP::top3_leader,n6::2018-02-28
2018-03-29,n6,N6 Top-3 Industry Leaders,sector::XLF,XLF,XLF,0.013503203635,0.319476345763,0.327954165577,2018-02-28,2017-12-31::sector::XLF::top3_leader,n6::2018-02-28
2018-03-29,n6,N6 Top-3 Industry Leaders,sector::XLI,XLI,XLI,0.004997711048,0.324366440170,0.332974026522,2018-02-28,2017-12-31::sector::XLI::top3_leader,n6::2018-02-28
2018-03-29,n6,N6 Top-3 Industry Leaders,sector::XLP,XLP,XLP,0.007784833432,0.330306590095,0.339071807900,2018-02-28,2017-12-31::sector::XLP::top3_leader,n6::2018-02-28
2018-04-30,n6,N6 Top-3 Industry Leaders,sector::XLF,XLF,XLF,0.013503203635,0.318085515789,0.334813346058,2018-02-28,2017-12-31::sector::XLF::top3_leader,n6::2018-02-28
2018-04-30,n6,N6 Top-3 Industry Leaders,sector::XLI,XLI,XLI,0.004997711048,0.315328079739,0.331910898935,2018-02-28,2017-12-31::sector::XLI::top3_leader,n6::2018-02-28
2018-04-30,n6,N6 Top-3 Industry Leaders,sector::XLP,XLP,XLP,0.007784833432,0.316624745339,0.333275755008,2018-02-28,2017-12-31::sector::XLP::top3_leader,n6::2018-02-28
2018-05-31,n6,N6 Top-3 Industry Leaders,sector::XLF,XLF,XLF,0.013503203635,0.314956823506,0.330960300538,2018-02-28,2017-12-31::sector::XLF::top3_leader,n6::2018-02-28
2018-05-31,n6,N6 Top-3 Industry Leaders,sector::XLI,XLI,XLI,0.004997711048,0.325021140318,0.341536001929,2018-02-28,2017-12-31::sector::XLI::top3_leader,n6::2018-02-28
2018-05-31,n6,N6 Top-3 Industry Leaders,sector::XLP,XLP,XLP,0.007784833432,0.311667363409,0.327503697533,2018-02-28,2017-12-31::sector::XLP::top3_leader,n6::2018-02-28
2018-06-29,n6,N6 Top-3 Industry Leaders,sector::XLF,XLF,XLF,0.013503203635,0.309454268025,0.325969218662,2018-02-28,2017-12-31::sector::XLF::top3_leader,n6::2018-02-28
2018-06-29,n6,N6 Top-3 Industry Leaders,sector::XLI,XLI,XLI,0.004997711048,0.314007684481,0.330765641777,2018-02-28,2017-12-31::sector::XLI::top3_leader,n6::2018-02-28
2018-06-29,n6,N6 Top-3 Industry Leaders,sector::XLP,XLP,XLP,0.007784833432,0.325873905939,0.343265139561,2018-02-28,2017-12-31::sector::XLP::top3_leader,n6::2018-02-28
2018-07-31,n6,N6 Top-3 Industry Leaders,sector::XLF,XLF,XLF,0.013503203635,0.325282723326,0.324874772060,2018-02-28,2017-12-31::sector::XLF::top3_leader,n6::2018-02-28
2018-07-31,n6,N6 Top-3 Industry Leaders,sector::XLI,XLI,XLI,0.004997711048,0.337198063287,0.336775168472,2018-02-28,2017-12-31::sector::XLI::top3_leader,n6::2018-02-28
2018-07-31,n6,N6 Top-3 Industry Leaders,sector::XLP,XLP,XLP,0.007784833432,0.338774931902,0.338350059468,2018-02-28,2017-12-31::sector::XLP::top3_leader,n6::2018-02-28
2018-08-31,n6,N6 Top-3 Industry Leaders,sector::XLF,XLF,XLF,0.013503203635,0.329705022517,0.327154769670,2018-02-28,2017-12-31::sector::XLF::top3_leader,n6::2018-02-28
2018-08-31,n6,N6 Top-3 Industry Leaders,sector::XLI,XLI,XLI,0.004997711048,0.337987201862,0.335372886747,2018-02-28,2017-12-31::sector::XLI::top3_leader,n6::2018-02-28
2018-08-31,n6,N6 Top-3 Industry Leaders,sector::XLP,XLP,XLP,0.007784833432,0.340103024486,0.337472343583,2018-02-28,2017-12-31::sector::XLP::top3_leader,n6::2018-02-28
2018-09-28,n6,N6 Top-3 Industry Leaders,sector::XLF,XLF,XLF,0.013503203635,0.322399789350,0.318830649005,2018-02-28,2017-12-31::sector::XLF::top3_leader,n6::2018-02-28
2018-09-28,n6,N6 Top-3 Industry Leaders,sector::XLI,XLI,XLI,0.004997711048,0.345334836645,0.341511792900,2018-02-28,2017-12-31::sector::XLI::top3_leader,n6::2018-02-28
2018-09-28,n6,N6 Top-3 Industry Leaders,sector::XLP,XLP,XLP,0.007784833432,0.343459844661,0.339657558094,2018-02-28,2017-12-31::sector::XLP::top3_leader,n6::2018-02-28
2018-10-31,n6,N6 Top-3 Industry Leaders,sector::XLF,XLF,XLF,0.013503203635,0.307203283979,0.318230923028,2018-02-28,2017-12-31::sector::XLF::top3_leader,n6::2018-02-28
2018-10-31,n6,N6 Top-3 Industry Leaders,sector::XLI,XLI,XLI,0.004997711048,0.307806024841,0.318855300405,2018-02-28,2017-12-31::sector::XLI::top3_leader,n6::2018-02-28
2018-10-31,n6,N6 Top-3 Industry Leaders,sector::XLP,XLP,XLP,0.007784833432,0.350337744998,0.362913776566,2018-02-28,2017-12-31::sector::XLP::top3_leader,n6::2018-02-28
2018-11-30,n6,N6 Top-3 Industry Leaders,sector::XLF,XLF,XLF,0.013503203635,0.315270097831,0.317463365838,2018-02-28,2017-12-31::sector::XLF::top3_leader,n6::2018-02-28
2018-11-30,n6,N6 Top-3 Industry Leaders,sector::XLI,XLI,XLI,0.004997711048,0.319522658622,0.321745510803,2018-02-28,2017-12-31::sector::XLI::top3_leader,n6::2018-02-28
2018-11-30,n6,N6 Top-3 Industry Leaders,sector::XLP,XLP,XLP,0.007784833432,0.358298515666,0.360791123359,2018-02-28,2017-12-31::sector::XLP::top3_leader,n6::2018-02-28
2018-12-31,n6,N6 Top-3 Industry Leaders,sector::XLF,XLF,XLF,0.013503203635,0.280217131514,0.314107216263,2018-02-28,2017-12-31::sector::XLF::top3_leader,n6::2018-02-28
2018-12-31,n6,N6 Top-3 Industry Leaders,sector::XLI,XLI,XLI,0.004997711048,0.285500240890,0.320029276667,2018-02-28,2017-12-31::sector::XLI::top3_leader,n6::2018-02-28
2018-12-31,n6,N6 Top-3 Industry Leaders,sector::XLP,XLP,XLP,0.007784833432,0.326389261912,0.365863507071,2018-02-28,2017-12-31::sector::XLP::top3_leader,n6::2018-02-28
2019-01-31,n6,N6 Top-3 Industry Leaders,sector::XLF,XLF,XLF,0.013503203635,0.305157548628,0.315752253189,2018-02-28,2017-12-31::sector::XLF::top3_leader,n6::2018-02-28
2019-01-31,n6,N6 Top-3 Industry Leaders,sector::XLI,XLI,XLI,0.004997711048,0.318123799300,0.329168676553,2018-02-28,2017-12-31::sector::XLI::top3_leader,n6::2018-02-28
2019-01-31,n6,N6 Top-3 Industry Leaders,sector::XLP,XLP,XLP,0.007784833432,0.343164799474,0.355079070258,2018-02-28,2017-12-31::sector::XLP::top3_leader,n6::2018-02-28
2019-02-28,n6,N6 Top-3 Industry Leaders,sector::XLF,XLF,XLF,0.014422088653,0.333210820655,0.333333333333,2018-02-28,2018-12-31::sector::XLF::top3_leader,n6::2019-02-28
2019-02-28,n6,N6 Top-3 Industry Leaders,sector::XLI,XLI,XLI,0.004921357149,0.333210820655,0.333333333333,2018-02-28,2018-12-31::sector::XLI::top3_leader,n6::2019-02-28
2019-02-28,n6,N6 Top-3 Industry Leaders,sector::XLK,XLK,XLK,0.010043670482,0.333210820655,0.333333333333,2019-02-28,2018-12-31::sector::XLK::top3_leader,n6::2019-02-28
2019-03-29,n6,N6 Top-3 Industry Leaders,sector::XLF,XLF,XLF,0.014422088653,0.324667175337,0.323650273771,2018-02-28,2018-12-31::sector::XLF::top3_leader,n6::2019-02-28
2019-03-29,n6,N6 Top-3 Industry Leaders,sector::XLI,XLI,XLI,0.004921357149,0.329385941878,0.328354260496,2018-02-28,2018-12-31::sector::XLI::top3_leader,n6::2019-02-28
2019-03-29,n6,N6 Top-3 Industry Leaders,sector::XLK,XLK,XLK,0.010043670482,0.349088859320,0.347995465733,2019-02-28,2018-12-31::sector::XLK::top3_leader,n6::2019-02-28
2019-04-30,n6,N6 Top-3 Industry Leaders,sector::XLF,XLF,XLF,0.014422088653,0.353837291846,0.331428065270,2018-02-28,2018-12-31::sector::XLF::top3_leader,n6::2019-02-28
2019-04-30,n6,N6 Top-3 Industry Leaders,sector::XLI,XLI,XLI,0.004921357149,0.342468385589,0.320779174687,2018-02-28,2018-12-31::sector::XLI::top3_leader,n6::2019-02-28
2019-04-30,n6,N6 Top-3 Industry Leaders,sector::XLK,XLK,XLK,0.010043670482,0.371308471528,0.347792760042,2019-02-28,2018-12-31::sector::XLK::top3_leader,n6::2019-02-28
2019-05-31,n6,N6 Top-3 Industry Leaders,sector::XLF,XLF,XLF,0.014422088653,0.328455858026,0.333832247040,2018-02-28,2018-12-31::sector::XLF::top3_leader,n6::2019-02-28
2019-05-31,n6,N6 Top-3 Industry Leaders,sector::XLI,XLI,XLI,0.004921357149,0.316303498168,0.321480969086,2018-02-28,2018-12-31::sector::XLI::top3_leader,n6::2019-02-28
2019-05-31,n6,N6 Top-3 Industry Leaders,sector::XLK,XLK,XLK,0.010043670482,0.339135581872,0.344686783874,2019-02-28,2018-12-31::sector::XLK::top3_leader,n6::2019-02-28
2019-06-28,n6,N6 Top-3 Industry Leaders,sector::XLF,XLF,XLF,0.014422088653,0.350319744424,0.330134912789,2018-02-28,2018-12-31::sector::XLF::top3_leader,n6::2019-02-28
2019-06-28,n6,N6 Top-3 Industry Leaders,sector::XLI,XLI,XLI,0.004921357149,0.341366001587,0.321697069483,2018-02-28,2018-12-31::sector::XLI::top3_leader,n6::2019-02-28
2019-06-28,n6,N6 Top-3 Industry Leaders,sector::XLK,XLK,XLK,0.010043670482,0.369455414324,0.348168017729,2019-02-28,2018-12-31::sector::XLK::top3_leader,n6::2019-02-28
2019-07-31,n6,N6 Top-3 Industry Leaders,sector::XLF,XLF,XLF,0.014422088653,0.358570621342,0.330760281392,2018-02-28,2018-12-31::sector::XLF::top3_leader,n6::2019-02-28
2019-07-31,n6,N6 Top-3 Industry Leaders,sector::XLI,XLI,XLI,0.004921357149,0.343129815990,0.316517047788,2018-02-28,2018-12-31::sector::XLI::top3_leader,n6::2019-02-28
2019-07-31,n6,N6 Top-3 Industry Leaders,sector::XLK,XLK,XLK,0.010043670482,0.382379609501,0.352722670819,2019-02-28,2018-12-31::sector::XLK::top3_leader,n6::2019-02-28
2019-08-30,n6,N6 Top-3 Industry Leaders,sector::XLF,XLF,XLF,0.014422088653,0.341689566574,0.324723996965,2018-02-28,2018-12-31::sector::XLF::top3_leader,n6::2019-02-28
2019-08-30,n6,N6 Top-3 Industry Leaders,sector::XLI,XLI,XLI,0.004921357149,0.334046467099,0.317460392649,2018-02-28,2018-12-31::sector::XLI::top3_leader,n6::2019-02-28
2019-08-30,n6,N6 Top-3 Industry Leaders,sector::XLK,XLK,XLK,0.010043670482,0.376510088471,0.357815610386,2019-02-28,2018-12-31::sector::XLK::top3_leader,n6::2019-02-28
2019-09-30,n6,N6 Top-3 Industry Leaders,sector::XLF,XLF,XLF,0.014422088653,0.357223598262,0.329608031705,2018-02-28,2018-12-31::sector::XLF::top3_leader,n6::2019-02-28
2019-09-30,n6,N6 Top-3 Industry Leaders,sector::XLI,XLI,XLI,0.004921357149,0.344115563827,0.317513328413,2018-02-28,2018-12-31::sector::XLI::top3_leader,n6::2019-02-28
2019-09-30,n6,N6 Top-3 Industry Leaders,sector::XLK,XLK,XLK,0.010043670482,0.382443888992,0.352878639882,2019-02-28,2018-12-31::sector::XLK::top3_leader,n6::2019-02-28
2019-10-31,n6,N6 Top-3 Industry Leaders,sector::XLF,XLF,XLF,0.014422088653,0.366153755556,0.329415163515,2018-02-28,2018-12-31::sector::XLF::top3_leader,n6::2019-02-28
2019-10-31,n6,N6 Top-3 Industry Leaders,sector::XLI,XLI,XLI,0.004921357149,0.348016231503,0.313097495429,2018-02-28,2018-12-31::sector::XLI::top3_leader,n6::2019-02-28
2019-10-31,n6,N6 Top-3 Industry Leaders,sector::XLK,XLK,XLK,0.010043670482,0.397356730924,0.357487341056,2019-02-28,2018-12-31::sector::XLK::top3_leader,n6::2019-02-28
2019-11-29,n6,N6 Top-3 Industry Leaders,sector::XLF,XLF,XLF,0.014422088653,0.384652968671,0.329609333676,2018-02-28,2018-12-31::sector::XLF::top3_leader,n6::2019-02-28
2019-11-29,n6,N6 Top-3 Industry Leaders,sector::XLI,XLI,XLI,0.004921357149,0.363664178696,0.311624028370,2018-02-28,2018-12-31::sector::XLI::top3_leader,n6::2019-02-28
2019-11-29,n6,N6 Top-3 Industry Leaders,sector::XLK,XLK,XLK,0.010043670482,0.418679443358,0.358766637954,2019-02-28,2018-12-31::sector::XLK::top3_leader,n6::2019-02-28
2019-12-31,n6,N6 Top-3 Industry Leaders,sector::XLF,XLF,XLF,0.014422088653,0.394690742373,0.330457612826,2018-02-28,2018-12-31::sector::XLF::top3_leader,n6::2019-02-28
2019-12-31,n6,N6 Top-3 Industry Leaders,sector::XLI,XLI,XLI,0.004921357149,0.362924498716,0.303861100873,2018-02-28,2018-12-31::sector::XLI::top3_leader,n6::2019-02-28
2019-12-31,n6,N6 Top-3 Industry Leaders,sector::XLK,XLK,XLK,0.010043670482,0.436761063327,0.365681286302,2019-02-28,2018-12-31::sector::XLK::top3_leader,n6::2019-02-28
2020-01-31,n6,N6 Top-3 Industry Leaders,sector::XLF,XLF,XLF,0.014422088653,0.384175597537,0.320227693138,2018-02-28,2018-12-31::sector::XLF::top3_leader,n6::2019-02-28
2020-01-31,n6,N6 Top-3 Industry Leaders,sector::XLI,XLI,XLI,0.004921357149,0.361320628421,0.301177045248,2018-02-28,2018-12-31::sector::XLI::top3_leader,n6::2019-02-28
2020-01-31,n6,N6 Top-3 Industry Leaders,sector::XLK,XLK,XLK,0.010043670482,0.454198884019,0.378595261614,2019-02-28,2018-12-31::sector::XLK::top3_leader,n6::2019-02-28
2020-02-28,n6,N6 Top-3 Industry Leaders,sector::XLF,XLF,XLF,0.015333790812,0.362516882235,0.333333333333,2018-02-28,2019-12-31::sector::XLF::top3_leader,n6::2020-02-28
2020-02-28,n6,N6 Top-3 Industry Leaders,sector::XLK,XLK,XLK,0.008647661357,0.362516882235,0.333333333333,2019-02-28,2019-12-31::sector::XLK::top3_leader,n6::2020-02-28
2020-02-28,n6,N6 Top-3 Industry Leaders,sector::XLI,XLI,XLI,0.005480200124,0.362516882235,0.333333333333,2018-02-28,2019-12-31::sector::XLI::top3_leader,n6::2020-02-28
2020-03-31,n6,N6 Top-3 Industry Leaders,sector::XLF,XLF,XLF,0.015333790812,0.286412211678,0.313722344072,2018-02-28,2019-12-31::sector::XLF::top3_leader,n6::2020-02-28
2020-03-31,n6,N6 Top-3 Industry Leaders,sector::XLK,XLK,XLK,0.008647661357,0.331438052082,0.363041512806,2019-02-28,2019-12-31::sector::XLK::top3_leader,n6::2020-02-28
2020-03-31,n6,N6 Top-3 Industry Leaders,sector::XLI,XLI,XLI,0.005480200124,0.295097816255,0.323236143122,2018-02-28,2019-12-31::sector::XLI::top3_leader,n6::2020-02-28
2020-04-30,n6,N6 Top-3 Industry Leaders,sector::XLF,XLF,XLF,0.015333790812,0.313511620180,0.309922778362,2018-02-28,2019-12-31::sector::XLF::top3_leader,n6::2020-02-28
2020-04-30,n6,N6 Top-3 Industry Leaders,sector::XLK,XLK,XLK,0.008647661357,0.376966259597,0.372651037484,2019-02-28,2019-12-31::sector::XLK::top3_leader,n6::2020-02-28
2020-04-30,n6,N6 Top-3 Industry Leaders,sector::XLI,XLI,XLI,0.005480200124,0.321101913861,0.317426184153,2018-02-28,2019-12-31::sector::XLI::top3_leader,n6::2020-02-28
2020-05-29,n6,N6 Top-3 Industry Leaders,sector::XLF,XLF,XLF,0.015333790812,0.322041808008,0.302538626316,2018-02-28,2019-12-31::sector::XLF::top3_leader,n6::2020-02-28
2020-05-29,n6,N6 Top-3 Industry Leaders,sector::XLK,XLK,XLK,0.008647661357,0.404018738622,0.379550950060,2019-02-28,2019-12-31::sector::XLK::top3_leader,n6::2020-02-28
2020-05-29,n6,N6 Top-3 Industry Leaders,sector::XLI,XLI,XLI,0.005480200124,0.338404549711,0.317910423624,2018-02-28,2019-12-31::sector::XLI::top3_leader,n6::2020-02-28
2020-06-30,n6,N6 Top-3 Industry Leaders,sector::XLF,XLF,XLF,0.015333790812,0.320362757914,0.291898890862,2018-02-28,2019-12-31::sector::XLF::top3_leader,n6::2020-02-28
2020-06-30,n6,N6 Top-3 Industry Leaders,sector::XLK,XLK,XLK,0.008647661357,0.432070022533,0.393681091939,2019-02-28,2019-12-31::sector::XLK::top3_leader,n6::2020-02-28
2020-06-30,n6,N6 Top-3 Industry Leaders,sector::XLI,XLI,XLI,0.005480200124,0.345079981482,0.314420017199,2018-02-28,2019-12-31::sector::XLI::top3_leader,n6::2020-02-28
2020-07-31,n6,N6 Top-3 Industry Leaders,sector::XLF,XLF,XLF,0.015333790812,0.332683458831,0.289386621359,2018-02-28,2019-12-31::sector::XLF::top3_leader,n6::2020-02-28
2020-07-31,n6,N6 Top-3 Industry Leaders,sector::XLK,XLK,XLK,0.008647661357,0.456632839853,0.397204703806,2019-02-28,2019-12-31::sector::XLK::top3_leader,n6::2020-02-28
2020-07-31,n6,N6 Top-3 Industry Leaders,sector::XLI,XLI,XLI,0.005480200124,0.360299593265,0.313408674835,2018-02-28,2019-12-31::sector::XLI::top3_leader,n6::2020-02-28
2020-08-31,n6,N6 Top-3 Industry Leaders,sector::XLF,XLF,XLF,0.015333790812,0.346943884286,0.277851423267,2018-02-28,2019-12-31::sector::XLF::top3_leader,n6::2020-02-28
2020-08-31,n6,N6 Top-3 Industry Leaders,sector::XLK,XLK,XLK,0.008647661357,0.510883943379,0.409143487524,2019-02-28,2019-12-31::sector::XLK::top3_leader,n6::2020-02-28
2020-08-31,n6,N6 Top-3 Industry Leaders,sector::XLI,XLI,XLI,0.005480200124,0.390839104494,0.313005089210,2018-02-28,2019-12-31::sector::XLI::top3_leader,n6::2020-02-28
2020-09-30,n6,N6 Top-3 Industry Leaders,sector::XLF,XLF,XLF,0.015333790812,0.335121531571,0.277656452920,2018-02-28,2019-12-31::sector::XLF::top3_leader,n6::2020-02-28
2020-09-30,n6,N6 Top-3 Industry Leaders,sector::XLK,XLK,XLK,0.008647661357,0.483617002353,0.400688612325,2019-02-28,2019-12-31::sector::XLK::top3_leader,n6::2020-02-28
2020-09-30,n6,N6 Top-3 Industry Leaders,sector::XLI,XLI,XLI,0.005480200124,0.388226145075,0.321654934755,2018-02-28,2019-12-31::sector::XLI::top3_leader,n6::2020-02-28
2020-10-30,n6,N6 Top-3 Industry Leaders,sector::XLF,XLF,XLF,0.015333790812,0.332197377663,0.282903878885,2018-02-28,2019-12-31::sector::XLF::top3_leader,n6::2020-02-28
2020-10-30,n6,N6 Top-3 Industry Leaders,sector::XLK,XLK,XLK,0.008647661357,0.459415657278,0.391244724383,2019-02-28,2019-12-31::sector::XLK::top3_leader,n6::2020-02-28
2020-10-30,n6,N6 Top-3 Industry Leaders,sector::XLI,XLI,XLI,0.005480200124,0.382628120648,0.325851396732,2018-02-28,2019-12-31::sector::XLI::top3_leader,n6::2020-02-28
2020-11-30,n6,N6 Top-3 Industry Leaders,sector::XLF,XLF,XLF,0.015333790812,0.388167247505,0.288850352372,2018-02-28,2019-12-31::sector::XLF::top3_leader,n6::2020-02-28
2020-11-30,n6,N6 Top-3 Industry Leaders,sector::XLK,XLK,XLK,0.008647661357,0.511714118869,0.380786386537,2019-02-28,2019-12-31::sector::XLK::top3_leader,n6::2020-02-28
2020-11-30,n6,N6 Top-3 Industry Leaders,sector::XLI,XLI,XLI,0.005480200124,0.443953752111,0.330363261091,2018-02-28,2019-12-31::sector::XLI::top3_leader,n6::2020-02-28
2020-12-31,n6,N6 Top-3 Industry Leaders,sector::XLF,XLF,XLF,0.015333790812,0.412615443575,0.294490104442,2018-02-28,2019-12-31::sector::XLF::top3_leader,n6::2020-02-28
2020-12-31,n6,N6 Top-3 Industry Leaders,sector::XLK,XLK,XLK,0.008647661357,0.540068935695,0.385455657937,2019-02-28,2019-12-31::sector::XLK::top3_leader,n6::2020-02-28
2020-12-31,n6,N6 Top-3 Industry Leaders,sector::XLI,XLI,XLI,0.005480200124,0.448433815712,0.320054237621,2018-02-28,2019-12-31::sector::XLI::top3_leader,n6::2020-02-28
2021-01-29,n6,N6 Top-3 Industry Leaders,sector::XLF,XLF,XLF,0.015333790812,0.405198488959,0.295758631115,2018-02-28,2019-12-31::sector::XLF::top3_leader,n6::2020-02-28
2021-01-29,n6,N6 Top-3 Industry Leaders,sector::XLK,XLK,XLK,0.008647661357,0.535541020208,0.390897013089,2019-02-28,2019-12-31::sector::XLK::top3_leader,n6::2020-02-28
2021-01-29,n6,N6 Top-3 Industry Leaders,sector::XLI,XLI,XLI,0.005480200124,0.429291476681,0.313344355796,2018-02-28,2019-12-31::sector::XLI::top3_leader,n6::2020-02-28
2021-02-26,n6,N6 Top-3 Industry Leaders,sector::XLF,XLF,XLF,0.016433145575,0.484647972602,0.333333333333,2018-02-28,2020-12-31::sector::XLF::top3_leader,n6::2021-02-26
2021-02-26,n6,N6 Top-3 Industry Leaders,sector::XLK,XLK,XLK,0.007720471603,0.484647972602,0.333333333333,2019-02-28,2020-12-31::sector::XLK::top3_leader,n6::2021-02-26
2021-02-26,n6,N6 Top-3 Industry Leaders,sector::XLI,XLI,XLI,0.005788106208,0.484647972602,0.333333333333,2018-02-28,2020-12-31::sector::XLI::top3_leader,n6::2021-02-26
2021-03-31,n6,N6 Top-3 Industry Leaders,sector::XLF,XLF,XLF,0.016433145575,0.513044448155,0.334279696105,2018-02-28,2020-12-31::sector::XLF::top3_leader,n6::2021-02-26
2021-03-31,n6,N6 Top-3 Industry Leaders,sector::XLK,XLK,XLK,0.007720471603,0.493530375182,0.321565089394,2019-02-28,2020-12-31::sector::XLK::top3_leader,n6::2021-02-26
2021-03-31,n6,N6 Top-3 Industry Leaders,sector::XLI,XLI,XLI,0.005788106208,0.528201156577,0.344155214500,2018-02-28,2020-12-31::sector::XLI::top3_leader,n6::2021-02-26
2021-04-30,n6,N6 Top-3 Industry Leaders,sector::XLF,XLF,XLF,0.016433145575,0.546344574348,0.338849697865,2018-02-28,2020-12-31::sector::XLF::top3_leader,n6::2021-02-26
2021-04-30,n6,N6 Top-3 Industry Leaders,sector::XLK,XLK,XLK,0.007720471603,0.519133775159,0.321973221889,2019-02-28,2020-12-31::sector::XLK::top3_leader,n6::2021-02-26
2021-04-30,n6,N6 Top-3 Industry Leaders,sector::XLI,XLI,XLI,0.005788106208,0.546872429584,0.339177080246,2018-02-28,2020-12-31::sector::XLI::top3_leader,n6::2021-02-26
2021-05-28,n6,N6 Top-3 Industry Leaders,sector::XLF,XLF,XLF,0.016433145575,0.572410829858,0.346768291225,2018-02-28,2020-12-31::sector::XLF::top3_leader,n6::2021-02-26
2021-05-28,n6,N6 Top-3 Industry Leaders,sector::XLK,XLK,XLK,0.007720471603,0.514303076077,0.311566430193,2019-02-28,2020-12-31::sector::XLK::top3_leader,n6::2021-02-26
2021-05-28,n6,N6 Top-3 Industry Leaders,sector::XLI,XLI,XLI,0.005788106208,0.563987280832,0.341665278581,2018-02-28,2020-12-31::sector::XLI::top3_leader,n6::2021-02-26
2021-06-30,n6,N6 Top-3 Industry Leaders,sector::XLF,XLF,XLF,0.016433145575,0.554967045831,0.335171716850,2018-02-28,2020-12-31::sector::XLF::top3_leader,n6::2021-02-26
2021-06-30,n6,N6 Top-3 Industry Leaders,sector::XLK,XLK,XLK,0.007720471603,0.549706842707,0.331994823150,2019-02-28,2020-12-31::sector::XLK::top3_leader,n6::2021-02-26
2021-06-30,n6,N6 Top-3 Industry Leaders,sector::XLI,XLI,XLI,0.005788106208,0.551095431874,0.332833459999,2018-02-28,2020-12-31::sector::XLI::top3_leader,n6::2021-02-26
2021-07-30,n6,N6 Top-3 Industry Leaders,sector::XLF,XLF,XLF,0.016433145575,0.552395258548,0.328859021806,2018-02-28,2020-12-31::sector::XLF::top3_leader,n6::2021-02-26
2021-07-30,n6,N6 Top-3 Industry Leaders,sector::XLK,XLK,XLK,0.007720471603,0.571075564011,0.339980020559,2019-02-28,2020-12-31::sector::XLK::top3_leader,n6::2021-02-26
2021-07-30,n6,N6 Top-3 Industry Leaders,sector::XLI,XLI,XLI,0.005788106208,0.556261895475,0.331160957635,2018-02-28,2020-12-31::sector::XLI::top3_leader,n6::2021-02-26
2021-08-31,n6,N6 Top-3 Industry Leaders,sector::XLF,XLF,XLF,0.016433145575,0.580832816965,0.334834564687,2018-02-28,2020-12-31::sector::XLF::top3_leader,n6::2021-02-26
2021-08-31,n6,N6 Top-3 Industry Leaders,sector::XLK,XLK,XLK,0.007720471603,0.591402021647,0.340927428151,2019-02-28,2020-12-31::sector::XLK::top3_leader,n6::2021-02-26
2021-08-31,n6,N6 Top-3 Industry Leaders,sector::XLI,XLI,XLI,0.005788106208,0.562451117444,0.324238007162,2018-02-28,2020-12-31::sector::XLI::top3_leader,n6::2021-02-26
2021-09-30,n6,N6 Top-3 Industry Leaders,sector::XLF,XLF,XLF,0.016433145575,0.570189068577,0.344452987483,2018-02-28,2020-12-31::sector::XLF::top3_leader,n6::2021-02-26
2021-09-30,n6,N6 Top-3 Industry Leaders,sector::XLK,XLK,XLK,0.007720471603,0.556882249015,0.336414296452,2019-02-28,2020-12-31::sector::XLK::top3_leader,n6::2021-02-26
2021-09-30,n6,N6 Top-3 Industry Leaders,sector::XLI,XLI,XLI,0.005788106208,0.528275244337,0.319132716065,2018-02-28,2020-12-31::sector::XLI::top3_leader,n6::2021-02-26
2021-10-29,n6,N6 Top-3 Industry Leaders,sector::XLF,XLF,XLF,0.016433145575,0.611666328007,0.343967871904,2018-02-28,2020-12-31::sector::XLF::top3_leader,n6::2021-02-26
2021-10-29,n6,N6 Top-3 Industry Leaders,sector::XLK,XLK,XLK,0.007720471603,0.602418362578,0.338767319181,2019-02-28,2020-12-31::sector::XLK::top3_leader,n6::2021-02-26
2021-10-29,n6,N6 Top-3 Industry Leaders,sector::XLI,XLI,XLI,0.005788106208,0.564181182390,0.317264808915,2018-02-28,2020-12-31::sector::XLI::top3_leader,n6::2021-02-26
2021-11-30,n6,N6 Top-3 Industry Leaders,sector::XLF,XLF,XLF,0.016433145575,0.576722887257,0.329546168422,2018-02-28,2020-12-31::sector::XLF::top3_leader,n6::2021-02-26
2021-11-30,n6,N6 Top-3 Industry Leaders,sector::XLK,XLK,XLK,0.007720471603,0.629233104550,0.359551117582,2019-02-28,2020-12-31::sector::XLK::top3_leader,n6::2021-02-26
2021-11-30,n6,N6 Top-3 Industry Leaders,sector::XLI,XLI,XLI,0.005788106208,0.544095875036,0.310902713996,2018-02-28,2020-12-31::sector::XLI::top3_leader,n6::2021-02-26
2021-12-31,n6,N6 Top-3 Industry Leaders,sector::XLF,XLF,XLF,0.016433145575,0.596187948190,0.327689798360,2018-02-28,2020-12-31::sector::XLF::top3_leader,n6::2021-02-26
2021-12-31,n6,N6 Top-3 Industry Leaders,sector::XLK,XLK,XLK,0.007720471603,0.649680001543,0.357091265180,2019-02-28,2020-12-31::sector::XLK::top3_leader,n6::2021-02-26
2021-12-31,n6,N6 Top-3 Industry Leaders,sector::XLI,XLI,XLI,0.005788106208,0.573498875764,0.315218936460,2018-02-28,2020-12-31::sector::XLI::top3_leader,n6::2021-02-26
2022-01-31,n6,N6 Top-3 Industry Leaders,sector::XLF,XLF,XLF,0.016433145575,0.596340776444,0.341239065284,2018-02-28,2020-12-31::sector::XLF::top3_leader,n6::2021-02-26
2022-01-31,n6,N6 Top-3 Industry Leaders,sector::XLK,XLK,XLK,0.007720471603,0.605214717392,0.346316925853,2019-02-28,2020-12-31::sector::XLK::top3_leader,n6::2021-02-26
2022-01-31,n6,N6 Top-3 Industry Leaders,sector::XLI,XLI,XLI,0.005788106208,0.546019262729,0.312444008863,2018-02-28,2020-12-31::sector::XLI::top3_leader,n6::2021-02-26
2022-02-28,n6,N6 Top-3 Industry Leaders,sector::XLF,XLF,XLF,0.016433145575,0.588096267309,0.344883294686,2018-02-28,2020-12-31::sector::XLF::top3_leader,n6::2021-02-26
2022-02-28,n6,N6 Top-3 Industry Leaders,sector::XLK,XLK,XLK,0.007720471603,0.575695494218,0.337610982791,2019-02-28,2020-12-31::sector::XLK::top3_leader,n6::2021-02-26
2022-02-28,n6,N6 Top-3 Industry Leaders,sector::XLI,XLI,XLI,0.005788106208,0.541411930187,0.317505722523,2018-02-28,2020-12-31::sector::XLI::top3_leader,n6::2021-02-26
2022-03-31,n6,N6 Top-3 Industry Leaders,sector::XLK,XLK,XLK,0.007536364671,0.580765826998,0.333333333333,2019-02-28,2021-12-31::sector::XLK::top3_leader,n6::2022-03-31
2022-03-31,n6,N6 Top-3 Industry Leaders,sector::XLY,XLY,XLY,0.006498057372,0.580765826998,0.333333333333,2022-03-31,2021-12-31::sector::XLY::top3_leader,n6::2022-03-31
2022-03-31,n6,N6 Top-3 Industry Leaders,sector::XLF,XLF,XLF,0.016249379617,0.580765826998,0.333333333333,2018-02-28,2021-12-31::sector::XLF::top3_leader,n6::2022-03-31
2022-04-29,n6,N6 Top-3 Industry Leaders,sector::XLK,XLK,XLK,0.007536364671,0.516779830033,0.333164131992,2019-02-28,2021-12-31::sector::XLK::top3_leader,n6::2022-03-31
2022-04-29,n6,N6 Top-3 Industry Leaders,sector::XLY,XLY,XLY,0.006498057372,0.511324986703,0.329647434866,2022-03-31,2021-12-31::sector::XLY::top3_leader,n6::2022-03-31
2022-04-29,n6,N6 Top-3 Industry Leaders,sector::XLF,XLF,XLF,0.016249379617,0.523022031593,0.337188433142,2018-02-28,2021-12-31::sector::XLF::top3_leader,n6::2022-03-31
2022-05-31,n6,N6 Top-3 Industry Leaders,sector::XLK,XLK,XLK,0.007536364671,0.513235477728,0.334148510668,2019-02-28,2021-12-31::sector::XLK::top3_leader,n6::2022-03-31
2022-05-31,n6,N6 Top-3 Industry Leaders,sector::XLY,XLY,XLY,0.006498057372,0.485143013942,0.315858553440,2022-03-31,2021-12-31::sector::XLY::top3_leader,n6::2022-03-31
2022-05-31,n6,N6 Top-3 Industry Leaders,sector::XLF,XLF,XLF,0.016249379617,0.537571726102,0.349992935892,2018-02-28,2021-12-31::sector::XLF::top3_leader,n6::2022-03-31
2022-06-30,n6,N6 Top-3 Industry Leaders,sector::XLK,XLK,XLK,0.007536364671,0.465702872112,0.338103661406,2019-02-28,2021-12-31::sector::XLK::top3_leader,n6::2022-03-31
2022-06-30,n6,N6 Top-3 Industry Leaders,sector::XLY,XLY,XLY,0.006498057372,0.432558134468,0.314040341584,2022-03-31,2021-12-31::sector::XLY::top3_leader,n6::2022-03-31
2022-06-30,n6,N6 Top-3 Industry Leaders,sector::XLF,XLF,XLF,0.016249379617,0.479135707125,0.347855997010,2018-02-28,2021-12-31::sector::XLF::top3_leader,n6::2022-03-31
2022-07-29,n6,N6 Top-3 Industry Leaders,sector::XLK,XLK,XLK,0.007536364671,0.528348149803,0.339941501889,2019-02-28,2021-12-31::sector::XLK::top3_leader,n6::2022-03-31
2022-07-29,n6,N6 Top-3 Industry Leaders,sector::XLY,XLY,XLY,0.006498057372,0.512317889870,0.329627562796,2022-03-31,2021-12-31::sector::XLY::top3_leader,n6::2022-03-31
2022-07-29,n6,N6 Top-3 Industry Leaders,sector::XLF,XLF,XLF,0.016249379617,0.513566517594,0.330430935315,2018-02-28,2021-12-31::sector::XLF::top3_leader,n6::2022-03-31
2022-08-31,n6,N6 Top-3 Industry Leaders,sector::XLK,XLK,XLK,0.007536364671,0.495523513478,0.332941124308,2019-02-28,2021-12-31::sector::XLK::top3_leader,n6::2022-03-31
2022-08-31,n6,N6 Top-3 Industry Leaders,sector::XLY,XLY,XLY,0.006498057372,0.489286825128,0.328750707557,2022-03-31,2021-12-31::sector::XLY::top3_leader,n6::2022-03-31
2022-08-31,n6,N6 Top-3 Industry Leaders,sector::XLF,XLF,XLF,0.016249379617,0.503511401488,0.338308168136,2018-02-28,2021-12-31::sector::XLF::top3_leader,n6::2022-03-31
2022-09-30,n6,N6 Top-3 Industry Leaders,sector::XLK,XLK,XLK,0.007536364671,0.436213830791,0.323058242952,2019-02-28,2021-12-31::sector::XLK::top3_leader,n6::2022-03-31
2022-09-30,n6,N6 Top-3 Industry Leaders,sector::XLY,XLY,XLY,0.006498057372,0.449121032903,0.332617265939,2022-03-31,2021-12-31::sector::XLY::top3_leader,n6::2022-03-31
2022-09-30,n6,N6 Top-3 Industry Leaders,sector::XLF,XLF,XLF,0.016249379617,0.464928874526,0.344324491109,2018-02-28,2021-12-31::sector::XLF::top3_leader,n6::2022-03-31
2022-10-31,n6,N6 Top-3 Industry Leaders,sector::XLK,XLK,XLK,0.007536364671,0.469596158101,0.325190714324,2019-02-28,2021-12-31::sector::XLK::top3_leader,n6::2022-03-31
2022-10-31,n6,N6 Top-3 Industry Leaders,sector::XLY,XLY,XLY,0.006498057372,0.454102443684,0.314461469691,2022-03-31,2021-12-31::sector::XLY::top3_leader,n6::2022-03-31
2022-10-31,n6,N6 Top-3 Industry Leaders,sector::XLF,XLF,XLF,0.016249379617,0.520365258026,0.360347815985,2018-02-28,2021-12-31::sector::XLF::top3_leader,n6::2022-03-31
2022-11-30,n6,N6 Top-3 Industry Leaders,sector::XLK,XLK,XLK,0.007536364671,0.499306014907,0.329313859183,2019-02-28,2021-12-31::sector::XLK::top3_leader,n6::2022-03-31
2022-11-30,n6,N6 Top-3 Industry Leaders,sector::XLY,XLY,XLY,0.006498057372,0.460849376653,0.303950047059,2022-03-31,2021-12-31::sector::XLY::top3_leader,n6::2022-03-31
2022-11-30,n6,N6 Top-3 Industry Leaders,sector::XLF,XLF,XLF,0.016249379617,0.556045645788,0.366736093758,2018-02-28,2021-12-31::sector::XLF::top3_leader,n6::2022-03-31
2022-12-30,n6,N6 Top-3 Industry Leaders,sector::XLK,XLK,XLK,0.007536364671,0.458330800191,0.328857752121,2019-02-28,2021-12-31::sector::XLK::top3_leader,n6::2022-03-31
2022-12-30,n6,N6 Top-3 Industry Leaders,sector::XLY,XLY,XLY,0.006498057372,0.408353520565,0.292998464838,2022-03-31,2021-12-31::sector::XLY::top3_leader,n6::2022-03-31
2022-12-30,n6,N6 Top-3 Industry Leaders,sector::XLF,XLF,XLF,0.016249379617,0.527021003917,0.378143783041,2018-02-28,2021-12-31::sector::XLF::top3_leader,n6::2022-03-31
2023-01-31,n6,N6 Top-3 Industry Leaders,sector::XLK,XLK,XLK,0.007536364671,0.500760533288,0.326381350265,2019-02-28,2021-12-31::sector::XLK::top3_leader,n6::2022-03-31
2023-01-31,n6,N6 Top-3 Industry Leaders,sector::XLY,XLY,XLY,0.006498057372,0.470131201802,0.306418030667,2022-03-31,2021-12-31::sector::XLY::top3_leader,n6::2022-03-31
2023-01-31,n6,N6 Top-3 Industry Leaders,sector::XLF,XLF,XLF,0.016249379617,0.563388740437,0.367200619067,2018-02-28,2021-12-31::sector::XLF::top3_leader,n6::2022-03-31
2023-02-28,n6,N6 Top-3 Industry Leaders,sector::XLK,XLK,XLK,0.007536364671,0.502823236299,0.332245622659,2019-02-28,2021-12-31::sector::XLK::top3_leader,n6::2022-03-31
2023-02-28,n6,N6 Top-3 Industry Leaders,sector::XLY,XLY,XLY,0.006498057372,0.460140438593,0.304042525275,2022-03-31,2021-12-31::sector::XLY::top3_leader,n6::2022-03-31
2023-02-28,n6,N6 Top-3 Industry Leaders,sector::XLF,XLF,XLF,0.016249379617,0.550444484634,0.363711852067,2018-02-28,2021-12-31::sector::XLF::top3_leader,n6::2022-03-31
2023-03-31,n6,N6 Top-3 Industry Leaders,sector::XLK,XLK,XLK,0.006893037252,0.509831782196,0.333333333333,2019-02-28,2022-12-31::sector::XLK::top3_leader,n6::2023-03-31
2023-03-31,n6,N6 Top-3 Industry Leaders,sector::XLF,XLF,XLF,0.016640233112,0.509831782196,0.333333333333,2018-02-28,2022-12-31::sector::XLF::top3_leader,n6::2023-03-31
2023-03-31,n6,N6 Top-3 Industry Leaders,sector::XLY,XLY,XLY,0.006985968399,0.509831782196,0.333333333333,2022-03-31,2022-12-31::sector::XLY::top3_leader,n6::2023-03-31
2023-04-28,n6,N6 Top-3 Industry Leaders,sector::XLK,XLK,XLK,0.006893037252,0.509224505614,0.330808202366,2019-02-28,2022-12-31::sector::XLK::top3_leader,n6::2023-03-31
2023-04-28,n6,N6 Top-3 Industry Leaders,sector::XLF,XLF,XLF,0.016640233112,0.526006088780,0.341710044872,2018-02-28,2022-12-31::sector::XLF::top3_leader,n6::2023-03-31
2023-04-28,n6,N6 Top-3 Industry Leaders,sector::XLY,XLY,XLY,0.006985968399,0.504103986705,0.327481752762,2022-03-31,2022-12-31::sector::XLY::top3_leader,n6::2023-03-31
2023-05-31,n6,N6 Top-3 Industry Leaders,sector::XLK,XLK,XLK,0.006893037252,0.554633767120,0.352110556114,2019-02-28,2022-12-31::sector::XLK::top3_leader,n6::2023-03-31
2023-05-31,n6,N6 Top-3 Industry Leaders,sector::XLF,XLF,XLF,0.016640233112,0.503646607548,0.319741237519,2018-02-28,2022-12-31::sector::XLF::top3_leader,n6::2023-03-31
2023-05-31,n6,N6 Top-3 Industry Leaders,sector::XLY,XLY,XLY,0.006985968399,0.516889007473,0.328148206366,2022-03-31,2022-12-31::sector::XLY::top3_leader,n6::2023-03-31
2023-06-30,n6,N6 Top-3 Industry Leaders,sector::XLK,XLK,XLK,0.006893037252,0.588213198094,0.344932159090,2019-02-28,2022-12-31::sector::XLK::top3_leader,n6::2023-03-31
2023-06-30,n6,N6 Top-3 Industry Leaders,sector::XLF,XLF,XLF,0.016640233112,0.536991970681,0.314895688266,2018-02-28,2022-12-31::sector::XLF::top3_leader,n6::2023-03-31
2023-06-30,n6,N6 Top-3 Industry Leaders,sector::XLY,XLY,XLY,0.006985968399,0.580095953758,0.340172152644,2022-03-31,2022-12-31::sector::XLY::top3_leader,n6::2023-03-31
2023-07-31,n6,N6 Top-3 Industry Leaders,sector::XLK,XLK,XLK,0.006893037252,0.603404073591,0.342897131422,2019-02-28,2022-12-31::sector::XLK::top3_leader,n6::2023-03-31
2023-07-31,n6,N6 Top-3 Industry Leaders,sector::XLF,XLF,XLF,0.016640233112,0.562797644190,0.319821668780,2018-02-28,2022-12-31::sector::XLF::top3_leader,n6::2023-03-31
2023-07-31,n6,N6 Top-3 Industry Leaders,sector::XLY,XLY,XLY,0.006985968399,0.593521587828,0.337281199798,2022-03-31,2022-12-31::sector::XLY::top3_leader,n6::2023-03-31
2023-08-31,n6,N6 Top-3 Industry Leaders,sector::XLK,XLK,XLK,0.006893037252,0.594303196506,0.344495894477,2019-02-28,2022-12-31::sector::XLK::top3_leader,n6::2023-03-31
2023-08-31,n6,N6 Top-3 Industry Leaders,sector::XLF,XLF,XLF,0.016640233112,0.547665016199,0.317461441800,2018-02-28,2022-12-31::sector::XLF::top3_leader,n6::2023-03-31
2023-08-31,n6,N6 Top-3 Industry Leaders,sector::XLY,XLY,XLY,0.006985968399,0.583170478451,0.338042663724,2022-03-31,2022-12-31::sector::XLY::top3_leader,n6::2023-03-31
2023-09-29,n6,N6 Top-3 Industry Leaders,sector::XLK,XLK,XLK,0.006893037252,0.555797311808,0.339425731813,2019-02-28,2022-12-31::sector::XLK::top3_leader,n6::2023-03-31
2023-09-29,n6,N6 Top-3 Industry Leaders,sector::XLF,XLF,XLF,0.016640233112,0.530745227171,0.324126409595,2018-02-28,2022-12-31::sector::XLF::top3_leader,n6::2023-03-31
2023-09-29,n6,N6 Top-3 Industry Leaders,sector::XLY,XLY,XLY,0.006985968399,0.550921152529,0.336447858592,2022-03-31,2022-12-31::sector::XLY::top3_leader,n6::2023-03-31
2023-10-31,n6,N6 Top-3 Industry Leaders,sector::XLK,XLK,XLK,0.006893037252,0.556068897476,0.348766752124,2019-02-28,2022-12-31::sector::XLK::top3_leader,n6::2023-03-31
2023-10-31,n6,N6 Top-3 Industry Leaders,sector::XLF,XLF,XLF,0.016640233112,0.517785813623,0.324755578550,2018-02-28,2022-12-31::sector::XLF::top3_leader,n6::2023-03-31
2023-10-31,n6,N6 Top-3 Industry Leaders,sector::XLY,XLY,XLY,0.006985968399,0.520531491396,0.326477669326,2022-03-31,2022-12-31::sector::XLY::top3_leader,n6::2023-03-31
2023-11-30,n6,N6 Top-3 Industry Leaders,sector::XLK,XLK,XLK,0.006893037252,0.627777164011,0.352719487390,2019-02-28,2022-12-31::sector::XLK::top3_leader,n6::2023-03-31
2023-11-30,n6,N6 Top-3 Industry Leaders,sector::XLF,XLF,XLF,0.016640233112,0.574427503112,0.322744735005,2018-02-28,2022-12-31::sector::XLF::top3_leader,n6::2023-03-31
2023-11-30,n6,N6 Top-3 Industry Leaders,sector::XLY,XLY,XLY,0.006985968399,0.577615236380,0.324535777605,2022-03-31,2022-12-31::sector::XLY::top3_leader,n6::2023-03-31
2023-12-29,n6,N6 Top-3 Industry Leaders,sector::XLK,XLK,XLK,0.006893037252,0.654030674993,0.349440662441,2019-02-28,2022-12-31::sector::XLK::top3_leader,n6::2023-03-31
2023-12-29,n6,N6 Top-3 Industry Leaders,sector::XLF,XLF,XLF,0.016640233112,0.604589589651,0.323024889796,2018-02-28,2022-12-31::sector::XLF::top3_leader,n6::2023-03-31
2023-12-29,n6,N6 Top-3 Industry Leaders,sector::XLY,XLY,XLY,0.006985968399,0.613029904583,0.327534447763,2022-03-31,2022-12-31::sector::XLY::top3_leader,n6::2023-03-31
2024-01-31,n6,N6 Top-3 Industry Leaders,sector::XLK,XLK,XLK,0.006893037252,0.671699597382,0.357111985762,2019-02-28,2022-12-31::sector::XLK::top3_leader,n6::2023-03-31
2024-01-31,n6,N6 Top-3 Industry Leaders,sector::XLF,XLF,XLF,0.016640233112,0.623241626946,0.331349096941,2018-02-28,2022-12-31::sector::XLF::top3_leader,n6::2023-03-31
2024-01-31,n6,N6 Top-3 Industry Leaders,sector::XLY,XLY,XLY,0.006985968399,0.585980234941,0.311538917297,2022-03-31,2022-12-31::sector::XLY::top3_leader,n6::2023-03-31
2024-02-29,n6,N6 Top-3 Industry Leaders,sector::XLK,XLK,XLK,0.006482301579,0.661392471252,0.333333333333,2019-02-28,2023-12-31::sector::XLK::top3_leader,n6::2024-02-29
2024-02-29,n6,N6 Top-3 Industry Leaders,sector::XLF,XLF,XLF,0.016967177892,0.661392471252,0.333333333333,2018-02-28,2023-12-31::sector::XLF::top3_leader,n6::2024-02-29
2024-02-29,n6,N6 Top-3 Industry Leaders,sector::XLY,XLY,XLY,0.007308212178,0.661392471252,0.333333333333,2022-03-31,2023-12-31::sector::XLY::top3_leader,n6::2024-02-29
2024-03-28,n6,N6 Top-3 Industry Leaders,sector::XLK,XLK,XLK,0.006482301579,0.666609427563,0.329887616185,2019-02-28,2023-12-31::sector::XLK::top3_leader,n6::2024-02-29
2024-03-28,n6,N6 Top-3 Industry Leaders,sector::XLF,XLF,XLF,0.016967177892,0.693153331548,0.343023501829,2018-02-28,2023-12-31::sector::XLF::top3_leader,n6::2024-02-29
2024-03-28,n6,N6 Top-3 Industry Leaders,sector::XLY,XLY,XLY,0.007308212178,0.660953978521,0.327088881985,2022-03-31,2023-12-31::sector::XLY::top3_leader,n6::2024-02-29
2024-04-30,n6,N6 Top-3 Industry Leaders,sector::XLK,XLK,XLK,0.006482301579,0.628200494247,0.326572009254,2019-02-28,2023-12-31::sector::XLK::top3_leader,n6::2024-02-29
2024-04-30,n6,N6 Top-3 Industry Leaders,sector::XLF,XLF,XLF,0.016967177892,0.664190358886,0.345281453954,2018-02-28,2023-12-31::sector::XLF::top3_leader,n6::2024-02-29
2024-04-30,n6,N6 Top-3 Industry Leaders,sector::XLY,XLY,XLY,0.007308212178,0.631229287131,0.328146536792,2022-03-31,2023-12-31::sector::XLY::top3_leader,n6::2024-02-29
2024-05-31,n6,N6 Top-3 Industry Leaders,sector::XLK,XLK,XLK,0.006482301579,0.672658711396,0.337951666420,2019-02-28,2023-12-31::sector::XLK::top3_leader,n6::2024-02-29
2024-05-31,n6,N6 Top-3 Industry Leaders,sector::XLF,XLF,XLF,0.016967177892,0.685253413521,0.344279393244,2018-02-28,2023-12-31::sector::XLF::top3_leader,n6::2024-02-29
2024-05-31,n6,N6 Top-3 Industry Leaders,sector::XLY,XLY,XLY,0.007308212178,0.632487030447,0.317768940337,2022-03-31,2023-12-31::sector::XLY::top3_leader,n6::2024-02-29
2024-06-28,n6,N6 Top-3 Industry Leaders,sector::XLK,XLK,XLK,0.006482301579,0.725396124122,0.351862268908,2019-02-28,2023-12-31::sector::XLK::top3_leader,n6::2024-02-29
2024-06-28,n6,N6 Top-3 Industry Leaders,sector::XLF,XLF,XLF,0.016967177892,0.679180860554,0.329444989636,2018-02-28,2023-12-31::sector::XLF::top3_leader,n6::2024-02-29
2024-06-28,n6,N6 Top-3 Industry Leaders,sector::XLY,XLY,XLY,0.007308212178,0.657014121336,0.318692741456,2022-03-31,2023-12-31::sector::XLY::top3_leader,n6::2024-02-29
2024-07-31,n6,N6 Top-3 Industry Leaders,sector::XLK,XLK,XLK,0.006482301579,0.701571721129,0.334153318320,2019-02-28,2023-12-31::sector::XLK::top3_leader,n6::2024-02-29
2024-07-31,n6,N6 Top-3 Industry Leaders,sector::XLF,XLF,XLF,0.016967177892,0.722630409700,0.344183412826,2018-02-28,2023-12-31::sector::XLF::top3_leader,n6::2024-02-29
2024-07-31,n6,N6 Top-3 Industry Leaders,sector::XLY,XLY,XLY,0.007308212178,0.675348233226,0.321663268854,2022-03-31,2023-12-31::sector::XLY::top3_leader,n6::2024-02-29
2024-08-30,n6,N6 Top-3 Industry Leaders,sector::XLK,XLK,XLK,0.006533480157,0.712055255012,0.333333333333,2019-02-28,2024-06-30::sector::XLK::top3_leader,n6::2024-08-30
2024-08-30,n6,N6 Top-3 Industry Leaders,sector::XLF,XLF,XLF,0.015987840642,0.712055255012,0.333333333333,2018-02-28,2024-06-30::sector::XLF::top3_leader,n6::2024-08-30
2024-08-30,n6,N6 Top-3 Industry Leaders,sector::XLY,XLY,XLY,0.007720664349,0.712055255012,0.333333333333,2022-03-31,2024-06-30::sector::XLY::top3_leader,n6::2024-08-30
2024-09-30,n6,N6 Top-3 Industry Leaders,sector::XLK,XLK,XLK,0.006533480157,0.730913492138,0.331776972274,2019-02-28,2024-06-30::sector::XLK::top3_leader,n6::2024-08-30
2024-09-30,n6,N6 Top-3 Industry Leaders,sector::XLF,XLF,XLF,0.015987840642,0.708083875397,0.321414130157,2018-02-28,2024-06-30::sector::XLF::top3_leader,n6::2024-08-30
2024-09-30,n6,N6 Top-3 Industry Leaders,sector::XLY,XLY,XLY,0.007720664349,0.764029223274,0.346808897569,2022-03-31,2024-06-30::sector::XLY::top3_leader,n6::2024-08-30
2024-10-31,n6,N6 Top-3 Industry Leaders,sector::XLK,XLK,XLK,0.006533480157,0.719517142700,0.327576691646,2019-02-28,2024-06-30::sector::XLK::top3_leader,n6::2024-08-30
2024-10-31,n6,N6 Top-3 Industry Leaders,sector::XLF,XLF,XLF,0.015987840642,0.726207691548,0.330622717553,2018-02-28,2024-06-30::sector::XLF::top3_leader,n6::2024-08-30
2024-10-31,n6,N6 Top-3 Industry Leaders,sector::XLY,XLY,XLY,0.007720664349,0.750759717458,0.341800590801,2022-03-31,2024-06-30::sector::XLY::top3_leader,n6::2024-08-30
2024-11-29,n6,N6 Top-3 Industry Leaders,sector::XLK,XLK,XLK,0.006533480157,0.756716818670,0.314446085949,2019-02-28,2024-06-30::sector::XLK::top3_leader,n6::2024-08-30
2024-11-29,n6,N6 Top-3 Industry Leaders,sector::XLF,XLF,XLF,0.015987840642,0.802140341892,0.333321375535,2018-02-28,2024-06-30::sector::XLF::top3_leader,n6::2024-08-30
2024-11-29,n6,N6 Top-3 Industry Leaders,sector::XLY,XLY,XLY,0.007720664349,0.847650194701,0.352232538516,2022-03-31,2024-06-30::sector::XLY::top3_leader,n6::2024-08-30
2024-12-31,n6,N6 Top-3 Industry Leaders,sector::XLK,XLK,XLK,0.006533480157,0.754019798061,0.318228085866,2019-02-28,2024-06-30::sector::XLK::top3_leader,n6::2024-08-30
2024-12-31,n6,N6 Top-3 Industry Leaders,sector::XLF,XLF,XLF,0.015987840642,0.758328862181,0.320046692261,2018-02-28,2024-06-30::sector::XLF::top3_leader,n6::2024-08-30
2024-12-31,n6,N6 Top-3 Industry Leaders,sector::XLY,XLY,XLY,0.007720664349,0.857083302402,0.361725221874,2022-03-31,2024-06-30::sector::XLY::top3_leader,n6::2024-08-30
2025-01-31,n6,N6 Top-3 Industry Leaders,sector::XLK,XLK,XLK,0.006533480157,0.748474180104,0.306371312352,2019-02-28,2024-06-30::sector::XLK::top3_leader,n6::2024-08-30
2025-01-31,n6,N6 Top-3 Industry Leaders,sector::XLF,XLF,XLF,0.015987840642,0.807596991903,0.330571924641,2018-02-28,2024-06-30::sector::XLF::top3_leader,n6::2024-08-30
2025-01-31,n6,N6 Top-3 Industry Leaders,sector::XLY,XLY,XLY,0.007720664349,0.886958413099,0.363056763007,2022-03-31,2024-06-30::sector::XLY::top3_leader,n6::2024-08-30
2025-02-28,n6,N6 Top-3 Industry Leaders,sector::XLK,XLK,XLK,0.007072653719,0.791707199231,0.333333333333,2019-02-28,2024-12-31::sector::XLK::top3_leader,n6::2025-02-28
2025-02-28,n6,N6 Top-3 Industry Leaders,sector::XLF,XLF,XLF,0.015460011701,0.791707199231,0.333333333333,2018-02-28,2024-12-31::sector::XLF::top3_leader,n6::2025-02-28
2025-02-28,n6,N6 Top-3 Industry Leaders,sector::XLY,XLY,XLY,0.007408812628,0.791707199231,0.333333333333,2022-03-31,2024-12-31::sector::XLY::top3_leader,n6::2025-02-28
2025-03-31,n6,N6 Top-3 Industry Leaders,sector::XLK,XLK,XLK,0.007072653719,0.726082167164,0.328494824960,2019-02-28,2024-12-31::sector::XLK::top3_leader,n6::2025-02-28
2025-03-31,n6,N6 Top-3 Industry Leaders,sector::XLF,XLF,XLF,0.015460011701,0.758441892053,0.343135044268,2018-02-28,2024-12-31::sector::XLF::top3_leader,n6::2025-02-28
2025-03-31,n6,N6 Top-3 Industry Leaders,sector::XLY,XLY,XLY,0.007408812628,0.725806551782,0.328370130772,2022-03-31,2024-12-31::sector::XLY::top3_leader,n6::2025-02-28
2025-04-30,n6,N6 Top-3 Industry Leaders,sector::XLK,XLK,XLK,0.007072653719,0.738354635898,0.334720984583,2019-02-28,2024-12-31::sector::XLK::top3_leader,n6::2025-02-28
2025-04-30,n6,N6 Top-3 Industry Leaders,sector::XLF,XLF,XLF,0.015460011701,0.742454693952,0.336579678768,2018-02-28,2024-12-31::sector::XLF::top3_leader,n6::2025-02-28
2025-04-30,n6,N6 Top-3 Industry Leaders,sector::XLY,XLY,XLY,0.007408812628,0.725071597570,0.328699336649,2022-03-31,2024-12-31::sector::XLY::top3_leader,n6::2025-02-28
2025-05-30,n6,N6 Top-3 Industry Leaders,sector::XLK,XLK,XLK,0.007072653719,0.811989448302,0.342061617387,2019-02-28,2024-12-31::sector::XLK::top3_leader,n6::2025-02-28
2025-05-30,n6,N6 Top-3 Industry Leaders,sector::XLF,XLF,XLF,0.015460011701,0.775953447307,0.326880961024,2018-02-28,2024-12-31::sector::XLF::top3_leader,n6::2025-02-28
2025-05-30,n6,N6 Top-3 Industry Leaders,sector::XLY,XLY,XLY,0.007408812628,0.785867573117,0.331057421589,2022-03-31,2024-12-31::sector::XLY::top3_leader,n6::2025-02-28
2025-06-30,n6,N6 Top-3 Industry Leaders,sector::XLK,XLK,XLK,0.007072653719,0.891934482354,0.357837718826,2019-02-28,2024-12-31::sector::XLK::top3_leader,n6::2025-02-28
2025-06-30,n6,N6 Top-3 Industry Leaders,sector::XLF,XLF,XLF,0.015460011701,0.800123629601,0.321003863018,2018-02-28,2024-12-31::sector::XLF::top3_leader,n6::2025-02-28
2025-06-30,n6,N6 Top-3 Industry Leaders,sector::XLY,XLY,XLY,0.007408812628,0.800508868633,0.321158418156,2022-03-31,2024-12-31::sector::XLY::top3_leader,n6::2025-02-28
2025-07-31,n6,N6 Top-3 Industry Leaders,sector::XLK,XLK,XLK,0.007072653719,0.925431277635,0.364175966479,2019-02-28,2024-12-31::sector::XLK::top3_leader,n6::2025-02-28
2025-07-31,n6,N6 Top-3 Industry Leaders,sector::XLF,XLF,XLF,0.015460011701,0.800123629601,0.314864866960,2018-02-28,2024-12-31::sector::XLF::top3_leader,n6::2025-02-28
2025-07-31,n6,N6 Top-3 Industry Leaders,sector::XLY,XLY,XLY,0.007408812628,0.815610251414,0.320959166561,2022-03-31,2024-12-31::sector::XLY::top3_leader,n6::2025-02-28
2025-08-29,n6,N6 Top-3 Industry Leaders,sector::XLK,XLK,XLK,0.006638182471,0.867623061563,0.333333333333,2019-02-28,2025-06-30::sector::XLK::top3_leader,n6::2025-08-29
2025-08-29,n6,N6 Top-3 Industry Leaders,sector::XLF,XLF,XLF,0.016261234808,0.867623061563,0.333333333333,2018-02-28,2025-06-30::sector::XLF::top3_leader,n6::2025-08-29
2025-08-29,n6,N6 Top-3 Industry Leaders,sector::XLY,XLY,XLY,0.007530646134,0.867623061563,0.333333333333,2022-03-31,2025-06-30::sector::XLY::top3_leader,n6::2025-08-29
2025-09-30,n6,N6 Top-3 Industry Leaders,sector::XLK,XLK,XLK,0.006638182471,0.932969993630,0.345505065627,2019-02-28,2025-06-30::sector::XLK::top3_leader,n6::2025-08-29
2025-09-30,n6,N6 Top-3 Industry Leaders,sector::XLF,XLF,XLF,0.016261234808,0.868548325824,0.321647907610,2018-02-28,2025-06-30::sector::XLF::top3_leader,n6::2025-08-29
2025-09-30,n6,N6 Top-3 Industry Leaders,sector::XLY,XLY,XLY,0.007530646134,0.898789393653,0.332847026763,2022-03-31,2025-06-30::sector::XLY::top3_leader,n6::2025-08-29
2025-10-31,n6,N6 Top-3 Industry Leaders,sector::XLK,XLK,XLK,0.006638182471,0.995264689397,0.363300771637,2019-02-28,2025-06-30::sector::XLK::top3_leader,n6::2025-08-29
2025-10-31,n6,N6 Top-3 Industry Leaders,sector::XLF,XLF,XLF,0.016261234808,0.844364617417,0.308217824182,2018-02-28,2025-06-30::sector::XLF::top3_leader,n6::2025-08-29
2025-10-31,n6,N6 Top-3 Industry Leaders,sector::XLY,XLY,XLY,0.007530646134,0.899876818954,0.328481404181,2022-03-31,2025-06-30::sector::XLY::top3_leader,n6::2025-08-29
2025-11-28,n6,N6 Top-3 Industry Leaders,sector::XLK,XLK,XLK,0.006638182471,0.947401402323,0.351657086193,2019-02-28,2025-06-30::sector::XLK::top3_leader,n6::2025-08-29
2025-11-28,n6,N6 Top-3 Industry Leaders,sector::XLF,XLF,XLF,0.016261234808,0.859842060708,0.319156751207,2018-02-28,2025-06-30::sector::XLF::top3_leader,n6::2025-08-29
2025-11-28,n6,N6 Top-3 Industry Leaders,sector::XLY,XLY,XLY,0.007530646134,0.886862356306,0.329186162600,2022-03-31,2025-06-30::sector::XLY::top3_leader,n6::2025-08-29
2025-12-31,n6,N6 Top-3 Industry Leaders,sector::XLK,XLK,XLK,0.006638182471,0.954531474116,0.348609124346,2019-02-28,2025-06-30::sector::XLK::top3_leader,n6::2025-08-29
2025-12-31,n6,N6 Top-3 Industry Leaders,sector::XLF,XLF,XLF,0.016261234808,0.886105581046,0.323618968115,2018-02-28,2025-06-30::sector::XLF::top3_leader,n6::2025-08-29
2025-12-31,n6,N6 Top-3 Industry Leaders,sector::XLY,XLY,XLY,0.007530646134,0.897476802032,0.327771907539,2022-03-31,2025-06-30::sector::XLY::top3_leader,n6::2025-08-29
2026-01-30,n6,N6 Top-3 Industry Leaders,sector::XLK,XLK,XLK,0.006638182471,0.953934701512,0.349525608360,2019-02-28,2025-06-30::sector::XLK::top3_leader,n6::2025-08-29
2026-01-30,n6,N6 Top-3 Industry Leaders,sector::XLF,XLF,XLF,0.016261234808,0.864587089025,0.316788274704,2018-02-28,2025-06-30::sector::XLF::top3_leader,n6::2025-08-29
2026-01-30,n6,N6 Top-3 Industry Leaders,sector::XLY,XLY,XLY,0.007530646134,0.910705135030,0.333686116936,2022-03-31,2025-06-30::sector::XLY::top3_leader,n6::2025-08-29
2026-02-27,n6,N6 Top-3 Industry Leaders,sector::XLK,XLK,XLK,0.006638182471,0.919989027807,0.349756747109,2019-02-28,2025-06-30::sector::XLK::top3_leader,n6::2025-08-29
2026-02-27,n6,N6 Top-3 Industry Leaders,sector::XLF,XLF,XLF,0.016261234808,0.832067871655,0.316331329361,2018-02-28,2025-06-30::sector::XLF::top3_leader,n6::2025-08-29
2026-02-27,n6,N6 Top-3 Industry Leaders,sector::XLY,XLY,XLY,0.007530646134,0.878311307621,0.333911923531,2022-03-31,2025-06-30::sector::XLY::top3_leader,n6::2025-08-29
2026-03-31,n6,N6 Top-3 Industry Leaders,sector::XLK,XLK,XLK,0.006284728941,0.835240476200,0.333333333333,2019-02-28,2025-12-31::sector::XLK::top3_leader,n6::2026-03-31
2026-03-31,n6,N6 Top-3 Industry Leaders,sector::XLF,XLF,XLF,0.016917976022,0.835240476200,0.333333333333,2018-02-28,2025-12-31::sector::XLF::top3_leader,n6::2026-03-31
2026-03-31,n6,N6 Top-3 Industry Leaders,sector::XLY,XLY,XLY,0.007664162931,0.835240476200,0.333333333333,2022-03-31,2025-12-31::sector::XLY::top3_leader,n6::2026-03-31
2026-04-30,n6,N6 Top-3 Industry Leaders,sector::XLK,XLK,XLK,0.006284728941,1.002414266019,0.359107807492,2019-02-28,2025-12-31::sector::XLK::top3_leader,n6::2026-03-31
2026-04-30,n6,N6 Top-3 Industry Leaders,sector::XLF,XLF,XLF,0.016917976022,0.881934090020,0.315946638187,2018-02-28,2025-12-31::sector::XLF::top3_leader,n6::2026-03-31
2026-04-30,n6,N6 Top-3 Industry Leaders,sector::XLY,XLY,XLY,0.007664162931,0.907053682862,0.324945554320,2022-03-31,2025-12-31::sector::XLY::top3_leader,n6::2026-03-31
2026-05-28,n6,N6 Top-3 Industry Leaders,sector::XLK,XLK,XLK,0.006284728941,1.174301602543,0.394434997120,2019-02-28,2025-12-31::sector::XLK::top3_leader,n6::2026-03-31
2026-05-28,n6,N6 Top-3 Industry Leaders,sector::XLF,XLF,XLF,0.016917976022,0.867384630641,0.291344960739,2018-02-28,2025-12-31::sector::XLF::top3_leader,n6::2026-03-31
2026-05-28,n6,N6 Top-3 Industry Leaders,sector::XLY,XLY,XLY,0.007664162931,0.935487727335,0.314220042141,2022-03-31,2025-12-31::sector::XLY::top3_leader,n6::2026-03-31
