trade_date,issuer_name,symbol,tilt_bucket,transition_signal_type,evaluation_end_date,forward_return
2019-02-14,TESLA INC,TSLA,neutral,continued_holding,2019-05-13,-0.252691057822
2019-05-14,TESLA INC,TSLA,neutral,continued_holding,2019-08-06,-0.006715166526
2019-08-07,TESLA INC,TSLA,neutral,continued_holding,2019-10-21,0.086025423277
2019-08-07,UBER TECHNOLOGIES INC,UBER,accumulation_like,entry_observed,2019-10-21,-0.208816120907
2019-10-22,TESLA INC,TSLA,neutral,continued_holding,2020-02-04,2.470771893672
2019-10-22,UBER TECHNOLOGIES INC,UBER,neutral,continued_holding,2020-02-04,0.184445127575
2020-02-05,UBER TECHNOLOGIES INC,UBER,neutral,continued_holding,2020-05-15,-0.117902743820
2020-05-18,AUTOMATIC DATA PROCESSING IN,ADP,accumulation_like,entry_observed,2020-08-14,0.031231075023
2020-05-18,BERKSHIRE HATHAWAY INC DEL,BRK.B,accumulation_like,entry_observed,2020-08-14,0.202325304780
2020-05-18,BK OF AMERICA CORP,BAC,accumulation_like,entry_observed,2020-08-14,0.162377737028
2020-05-18,BOEING CO,BA,accumulation_like,entry_observed,2020-08-14,0.314825767868
2020-05-18,BOOKING HLDGS INC,BKNG,accumulation_like,entry_observed,2020-08-14,0.142182972883
2020-05-18,BP PLC,BP,accumulation_like,entry_observed,2020-08-14,-0.009421169740
2020-05-18,BROADCOM INC,AVGO,accumulation_like,entry_observed,2020-08-14,0.210700304080
2020-05-18,CANADIAN NAT RES LTD,CNQ,accumulation_like,entry_observed,2020-08-14,0.121406327093
2020-05-18,CARNIVAL CORP,CCL,accumulation_like,entry_observed,2020-08-14,0.050951254882
2020-05-18,CISCO SYS INC,CSCO,accumulation_like,entry_observed,2020-08-14,-0.049441240196
2020-05-18,CITIGROUP INC,C,accumulation_like,entry_observed,2020-08-14,0.170585834351
2020-05-18,DISNEY WALT CO,DIS,accumulation_like,entry_observed,2020-08-14,0.117073148669
2020-05-18,FACEBOOK INC,META,accumulation_like,entry_observed,2020-08-14,0.225385745176
2020-05-18,INTERNATIONAL BUSINESS MACHS,IBM,accumulation_like,entry_observed,2020-08-14,0.043838554069
2020-05-18,LIVE NATION ENTERTAINMENT IN,LYV,accumulation_like,entry_observed,2020-08-14,0.115492957746
2020-05-18,MARRIOTT INTL INC NEW,MAR,accumulation_like,entry_observed,2020-08-14,0.025528786763
2020-05-18,PFIZER INC,PFE,accumulation_like,entry_observed,2020-08-14,0.009413696097
2020-05-18,QUALCOMM INC,QCOM,accumulation_like,entry_observed,2020-08-14,0.433744861484
2020-05-18,ROYAL DUTCH SHELL PLC,SHEL,accumulation_like,entry_observed,2020-08-14,-0.042874377043
2020-05-18,STARBUCKS CORP,SBUX,accumulation_like,entry_observed,2020-08-14,0.033635215185
2020-05-18,SUNCOR ENERGY INC NEW,SU,accumulation_like,entry_observed,2020-08-14,0.003065701691
2020-05-18,TOTAL S.A.,TTE,accumulation_like,entry_observed,2020-08-14,0.128422809327
2020-05-18,UBER TECHNOLOGIES INC,UBER,neutral,continued_holding,2020-08-14,-0.107971445568
2020-05-18,UNION PAC CORP,UNP,accumulation_like,entry_observed,2020-08-14,0.212863819931
2020-08-17,AUTOMATIC DATA PROCESSING IN,ADP,accumulation_like,likely_accumulation,2020-11-16,0.284930478747
2020-08-17,BOOKING HOLDINGS INC,BKNG,accumulation_like,entry_observed,2020-11-16,0.203483351173
2020-08-17,CARNIVAL CORP,CCL,accumulation_like,likely_accumulation,2020-11-16,0.196866776735
2020-08-17,LIVE NATION ENTERTAINMENT IN,LYV,accumulation_like,likely_accumulation,2020-11-16,0.342503438790
2020-08-17,SELECT SECTOR SPDR TR,XLRE,accumulation_like,entry_observed,2020-11-16,0.049636261760
2020-08-17,SELECT SECTOR SPDR TR,XLRE,accumulation_like,entry_observed,2020-11-16,0.049636261760
2020-08-17,SELECT SECTOR SPDR TR,XLU,accumulation_like,entry_observed,2020-11-16,0.125996326956
2020-08-17,SUNCOR ENERGY INC NEW,SU,accumulation_like,likely_accumulation,2020-11-16,-0.108355404671
2020-08-17,UBER TECHNOLOGIES INC,UBER,neutral,continued_holding,2020-11-16,0.669267299864
2020-11-17,AUTOMATIC DATA PROCESSING IN,ADP,neutral,continued_holding,2021-05-17,0.116151515316
2020-11-17,CARNIVAL CORP,CCL,neutral,continued_holding,2021-05-17,0.524653934433
2020-11-17,LIVE NATION ENTERTAINMENT IN,LYV,neutral,continued_holding,2021-05-17,0.228845594650
2020-11-17,NOVAGOLD RES INC,NG,accumulation_like,entry_observed,2021-05-17,-0.060329067642
2020-11-17,SELECT SECTOR SPDR TR,XLU,neutral,continued_holding,2021-05-17,0.030556194422
2020-11-17,SUNCOR ENERGY INC NEW,SU,neutral,continued_holding,2021-05-17,0.607730916064
2020-11-17,UBER TECHNOLOGIES INC,UBER,neutral,continued_holding,2021-05-17,-0.028226631213
2021-05-18,AUTOMATIC DATA PROCESSING IN,ADP,accumulation_like,entry_observed,2021-08-16,0.130031226866
2021-05-18,CARNIVAL CORP,CCL,accumulation_like,entry_observed,2021-08-16,-0.186071527709
2021-05-18,COMPUTE HEALTH ACQUISITIN CO,POAI,accumulation_like,entry_observed,2021-08-16,-0.018691588785
2021-05-18,COUPANG INC,CPNG,accumulation_like,entry_observed,2021-08-16,-0.108187919463
2021-05-18,ELECTRONIC ARTS INC,EA,accumulation_like,entry_observed,2021-08-16,0.015258040935
2021-05-18,LIVE NATION ENTERTAINMENT IN,LYV,accumulation_like,entry_observed,2021-08-16,-0.068320085811
2021-05-18,MULTIPLAN CORPORATION,MPLN,accumulation_like,entry_observed,2021-08-16,-0.183098565400
2021-05-18,NOVAGOLD RES INC,NG,accumulation_like,entry_observed,2021-08-16,-0.277832512315
2021-05-18,SELECT SECTOR SPDR TR,XLU,accumulation_like,entry_observed,2021-08-16,0.073527506983
2021-05-18,TAKE-TWO INTERACTIVE SOFTWAR,TTWO,accumulation_like,entry_observed,2021-08-16,-0.043771184925
2021-05-18,UBER TECHNOLOGIES INC,UBER,accumulation_like,entry_observed,2021-08-16,-0.155989424446
2021-08-17,AUTOMATIC DATA PROCESSING IN,ADP,neutral,continued_holding,2022-10-11,0.077809625884
2021-08-17,CARNIVAL CORP,CCL,neutral,continued_holding,2022-10-11,-0.698729724896
2021-08-17,COMPUTE HEALTH ACQUISITIN CO,POAI,neutral,continued_holding,2022-10-11,-0.670588235294
2021-08-17,COUPANG INC,CPNG,neutral,continued_holding,2022-10-11,-0.451680047577
2021-08-17,ELECTRONIC ARTS INC,EA,neutral,continued_holding,2022-10-11,-0.148816287265
2021-08-17,LIVE NATION ENTERTAINMENT IN,LYV,neutral,continued_holding,2022-10-11,-0.034880834161
2021-08-17,MULTIPLAN CORPORATION,MPLN,neutral,continued_holding,2022-10-11,-0.551894563427
2021-08-17,NOVAGOLD RES INC,NG,neutral,continued_holding,2022-10-11,-0.374827109267
2021-08-17,SELECT SECTOR SPDR TR,XLU,neutral,continued_holding,2022-10-11,-0.010135501519
2021-08-17,TAKE-TWO INTERACTIVE SOFTWAR,TTWO,neutral,continued_holding,2022-10-11,-0.295956469077
2021-08-17,UBER TECHNOLOGIES INC,UBER,neutral,continued_holding,2022-10-11,-0.398536585366
2022-10-12,LINDE PLC,LIN,accumulation_like,entry_observed,2022-11-14,0.222725418034
2022-10-12,LINDE PLC,LIN,neutral,continued_holding,2022-11-14,0.222725418034
2022-11-15,ADOBE SYSTEMS INCORPORATED,ADBE,neutral,continued_holding,2022-12-22,-0.027286392279
2022-11-15,ADVANCED MICRO DEVICES INC,AMD,neutral,continued_holding,2022-12-22,-0.163807777923
2022-11-15,AIR PRODS & CHEMS INC,APD,neutral,continued_holding,2022-12-22,0.061315922240
2022-11-15,ALIBABA GROUP HLDG LTD,BABA,neutral,continued_holding,2022-12-22,0.109331564126
2022-11-15,ALPHABET INC,GOOGL,accumulation_like,likely_accumulation,2022-12-22,-0.108492522553
2022-11-15,AMAZON COM INC,AMZN,neutral,continued_holding,2022-12-22,-0.153123104912
2022-11-15,AMERICAN TOWER CORP NEW,AMT,neutral,continued_holding,2022-12-22,-0.040896271058
2022-11-15,AUTOMATIC DATA PROCESSING IN,ADP,neutral,continued_holding,2022-12-22,-0.051345067224
2022-11-15,AVERY DENNISON CORP,AVY,neutral,continued_holding,2022-12-22,-0.031137653842
2022-11-15,BABYLON HLDGS LTD,BBLNF,neutral,continued_holding,2022-12-22,-0.436599160737
2022-11-15,BALLARD PWR SYS INC NEW,BLDP,neutral,continued_holding,2022-12-22,-0.234836702955
2022-11-15,BLACKROCK INC,BLK,neutral,continued_holding,2022-12-22,-0.043447401365
2022-11-15,BOOKING HOLDINGS INC,BKNG,neutral,continued_holding,2022-12-22,-0.034422307128
2022-11-15,CARNIVAL CORP,CCL,neutral,continued_holding,2022-12-22,-0.293906436410
2022-11-15,COMPUTE HEALTH ACQUISITIN CO,POAI,neutral,continued_holding,2022-12-22,0.318681318681
2022-11-15,COSTCO WHSL CORP NEW,COST,neutral,continued_holding,2022-12-22,-0.128706265382
2022-11-15,COUPANG INC,CPNG,neutral,continued_holding,2022-12-22,-0.191367654706
2022-11-15,CUMMINS INC,CMI,neutral,continued_holding,2022-12-22,-0.033976971342
2022-11-15,DATADOG INC,DDOG,neutral,continued_holding,2022-12-22,-0.152729364756
2022-11-15,ELECTRONIC ARTS INC,EA,neutral,continued_holding,2022-12-22,-0.055756016657
2022-11-15,FARFETCH LTD,FTCHQ,neutral,continued_holding,2022-12-22,-0.608175473579
2022-11-15,FEDEX CORP,FDX,neutral,continued_holding,2022-12-22,0.003434086008
2022-11-15,FREEPORT-MCMORAN INC,FCX,neutral,continued_holding,2022-12-22,-0.011026464093
2022-11-15,HOME DEPOT INC,HD,neutral,continued_holding,2022-12-22,0.019526714172
2022-11-15,JPMORGAN CHASE & CO,JPM,neutral,continued_holding,2022-12-22,-0.017150571487
2022-11-15,LINDE PLC,LIN,neutral,continued_holding,2022-12-22,-0.014734169313
2022-11-15,LIVE NATION ENTERTAINMENT IN,LYV,neutral,continued_holding,2022-12-22,-0.049946149704
2022-11-15,LUCID GROUP INC,LCID,neutral,continued_holding,2022-12-22,-0.442556634304
2022-11-15,META PLATFORMS INC,META,accumulation_like,likely_accumulation,2022-12-22,0.000341648531
2022-11-15,MICROSOFT CORP,MSFT,neutral,continued_holding,2022-12-22,-0.012855394328
2022-11-15,MULTIPLAN CORPORATION,MPLN,neutral,continued_holding,2022-12-22,-0.292397660819
2022-11-15,NEXTERA ENERGY INC,NEE,neutral,continued_holding,2022-12-22,0.010265336354
2022-11-15,NOVAGOLD RES INC,NG,neutral,continued_holding,2022-12-22,0.119485294118
2022-11-15,PAYPAL HLDGS INC,PYPL,neutral,continued_holding,2022-12-22,-0.236924042881
2022-11-15,PINDUODUO INC,PDD,neutral,continued_holding,2022-12-22,0.204593490207
2022-11-15,PINTEREST INC,PINS,neutral,continued_holding,2022-12-22,-0.059718524154
2022-11-15,PLUG POWER INC,PLUG,neutral,continued_holding,2022-12-22,-0.285307517084
2022-11-15,PROLOGIS INC.,PLD,neutral,continued_holding,2022-12-22,0.011304248607
2022-11-15,SALESFORCE INC,CRM,neutral,continued_holding,2022-12-22,-0.202875301155
2022-11-15,SEA LTD,SE,accumulation_like,entry_observed,2022-12-22,-0.193869362863
2022-11-15,SELECT SECTOR SPDR TR,XLU,neutral,continued_holding,2022-12-22,0.048812950543
2022-11-15,SHOPIFY INC,SHOP,neutral,continued_holding,2022-12-22,-0.133433283358
2022-11-15,SIGNA SPORTS UNITED NV,SSUNF,neutral,continued_holding,2022-12-22,-0.055258467023
2022-11-15,STARBUCKS CORP,SBUX,neutral,continued_holding,2022-12-22,-0.000715562111
2022-11-15,TAKE-TWO INTERACTIVE SOFTWAR,TTWO,neutral,continued_holding,2022-12-22,-0.017420558422
2022-11-15,UBER TECHNOLOGIES INC,UBER,neutral,continued_holding,2022-12-22,-0.219512195122
2022-11-15,VISA INC,V,neutral,continued_holding,2022-12-22,-0.023477359327
2022-11-15,WALMART INC,WMT,neutral,continued_holding,2022-12-22,-0.023203648939
2022-11-15,ZOOM VIDEO COMMUNICATIONS IN,ZM,neutral,continued_holding,2022-12-22,-0.245882891125
2022-12-23,AIR PRODS & CHEMS INC,APD,accumulation_like,entry_observed,2023-02-14,-0.093211346283
2022-12-23,ALIBABA GROUP HLDG LTD,BABA,accumulation_like,entry_observed,2023-02-14,0.216812607827
2022-12-23,AUTOMATIC DATA PROCESSING IN,ADP,accumulation_like,entry_observed,2023-02-14,-0.067859265355
2022-12-23,AVERY DENNISON CORP,AVY,accumulation_like,entry_observed,2023-02-14,0.017282348742
2022-12-23,BABYLON HLDGS LTD,BBLNF,accumulation_like,entry_observed,2023-02-14,0.702064896755
2022-12-23,BALLARD PWR SYS INC NEW,BLDP,accumulation_like,entry_observed,2023-02-14,0.290187891441
2022-12-23,CARNIVAL CORP,CCL,accumulation_like,entry_observed,2023-02-14,0.521126049702
2022-12-23,COMPUTE HEALTH ACQUISITIN CO,POAI,accumulation_like,entry_observed,2023-02-14,0.164705882353
2022-12-23,COUPANG INC,CPNG,accumulation_like,entry_observed,2023-02-14,0.027098479841
2022-12-23,CUMMINS INC,CMI,accumulation_like,entry_observed,2023-02-14,0.029636088079
2022-12-23,ELECTRONIC ARTS INC,EA,accumulation_like,entry_observed,2023-02-14,-0.076207753820
2022-12-23,FARFETCH LTD,FTCHQ,accumulation_like,entry_observed,2023-02-14,0.459595959596
2022-12-23,FEDEX CORP,FDX,accumulation_like,entry_observed,2023-02-14,0.208833120856
2022-12-23,JUST EAT TAKEAWAY COM N V,JTKWY,accumulation_like,entry_observed,2023-02-14,0.102439024390
2022-12-23,LINDE PLC,LIN,neutral,continued_holding,2023-02-14,0.014180353127
2022-12-23,LIVE NATION ENTERTAINMENT IN,LYV,accumulation_like,entry_observed,2023-02-14,0.104540981751
2022-12-23,LUCID GROUP INC,LCID,accumulation_like,entry_observed,2023-02-14,0.541791044776
2022-12-23,META PLATFORMS INC,META,accumulation_like,entry_observed,2023-02-14,0.520501426771
2022-12-23,MULTIPLAN CORPORATION,MPLN,accumulation_like,entry_observed,2023-02-14,-0.067226890756
2022-12-23,NOVAGOLD RES INC,NG,accumulation_like,entry_observed,2023-02-14,-0.019480519481
2022-12-23,PAYPAL HLDGS INC,PYPL,accumulation_like,entry_observed,2023-02-14,0.119223677657
2022-12-23,PINDUODUO INC,PDD,accumulation_like,entry_observed,2023-02-14,0.141140082603
2022-12-23,PINTEREST INC,PINS,accumulation_like,entry_observed,2023-02-14,0.006114961272
2022-12-23,PLUG POWER INC,PLUG,accumulation_like,entry_observed,2023-02-14,0.281199351702
2022-12-23,PROLOGIS INC.,PLD,accumulation_like,entry_observed,2023-02-14,0.124185871341
2022-12-23,SEA LTD,SE,accumulation_like,entry_observed,2023-02-14,0.286658653846
2022-12-23,SELECT SECTOR SPDR TR,XLU,accumulation_like,entry_observed,2023-02-14,-0.043435516240
2022-12-23,SHOPIFY INC,SHOP,accumulation_like,entry_observed,2023-02-14,0.486502521507
2022-12-23,SIGNA SPORTS UNITED NV,SSUNF,accumulation_like,entry_observed,2023-02-14,0.286472148541
2022-12-23,TAKE-TWO INTERACTIVE SOFTWAR,TTWO,accumulation_like,entry_observed,2023-02-14,0.122808734849
2022-12-23,UBER TECHNOLOGIES INC,UBER,accumulation_like,entry_observed,2023-02-14,0.429788961039
2022-12-23,VISA INC,V,accumulation_like,entry_observed,2023-02-14,0.116641990680
2022-12-23,WALMART INC,WMT,accumulation_like,entry_observed,2023-02-14,0.011963554926
2022-12-23,ADOBE SYSTEMS INCORPORATED,ADBE,accumulation_like,entry_observed,2023-02-14,0.116560729308
2022-12-23,ADVANCED MICRO DEVICES INC,AMD,accumulation_like,entry_observed,2023-02-14,0.332145071296
2022-12-23,AIR PRODS & CHEMS INC,APD,accumulation_like,likely_accumulation,2023-02-14,-0.093211346283
2022-12-23,ALIBABA GROUP HLDG LTD,BABA,neutral,continued_holding,2023-02-14,0.216812607827
2022-12-23,ALPHABET INC,GOOGL,accumulation_like,entry_observed,2023-02-14,0.061078060233
2022-12-23,AMAZON COM INC,AMZN,accumulation_like,entry_observed,2023-02-14,0.169501466276
2022-12-23,AMERICAN TOWER CORP NEW,AMT,accumulation_like,entry_observed,2023-02-14,0.020145074008
2022-12-23,AUTOMATIC DATA PROCESSING IN,ADP,neutral,continued_holding,2023-02-14,-0.067859265355
2022-12-23,AVERY DENNISON CORP,AVY,neutral,continued_holding,2023-02-14,0.017282348742
2022-12-23,BABYLON HLDGS LTD,BBLNF,neutral,continued_holding,2023-02-14,0.702064896755
2022-12-23,BALLARD PWR SYS INC NEW,BLDP,neutral,continued_holding,2023-02-14,0.290187891441
2022-12-23,BLACKROCK INC,BLK,accumulation_like,entry_observed,2023-02-14,0.035812736954
2022-12-23,BOOKING HOLDINGS INC,BKNG,accumulation_like,entry_observed,2023-02-14,0.253373218480
2022-12-23,CARNIVAL CORP,CCL,neutral,continued_holding,2023-02-14,0.521126049702
2022-12-23,COMPUTE HEALTH ACQUISITIN CO,POAI,neutral,continued_holding,2023-02-14,0.164705882353
2022-12-23,COSTCO WHSL CORP NEW,COST,accumulation_like,entry_observed,2023-02-14,0.089580641545
2022-12-23,COUPANG INC,CPNG,neutral,continued_holding,2023-02-14,0.027098479841
2022-12-23,CUMMINS INC,CMI,neutral,continued_holding,2023-02-14,0.029636088079
2022-12-23,DATADOG INC,DDOG,accumulation_like,entry_observed,2023-02-14,0.180336923502
2022-12-23,ELECTRONIC ARTS INC,EA,accumulation_like,likely_accumulation,2023-02-14,-0.076207753820
2022-12-23,FARFETCH LTD,FTCHQ,neutral,continued_holding,2023-02-14,0.459595959596
2022-12-23,FEDEX CORP,FDX,neutral,continued_holding,2023-02-14,0.208833120856
2022-12-23,FREEPORT-MCMORAN INC,FCX,accumulation_like,entry_observed,2023-02-14,0.129950923828
2022-12-23,HOME DEPOT INC,HD,accumulation_like,entry_observed,2023-02-14,-0.000941304235
2022-12-23,JPMORGAN CHASE & CO,JPM,accumulation_like,entry_observed,2023-02-14,0.098796444399
2022-12-23,LINDE PLC,LIN,neutral,continued_holding,2023-02-14,0.014180353127
2022-12-23,LIVE NATION ENTERTAINMENT IN,LYV,neutral,continued_holding,2023-02-14,0.104540981751
2022-12-23,LUCID GROUP INC,LCID,neutral,continued_holding,2023-02-14,0.541791044776
2022-12-23,META PLATFORMS INC,META,accumulation_like,likely_accumulation,2023-02-14,0.520501426771
2022-12-23,MICROSOFT CORP,MSFT,accumulation_like,entry_observed,2023-02-14,0.140074650131
2022-12-23,MULTIPLAN CORPORATION,MPLN,neutral,continued_holding,2023-02-14,-0.067226890756
2022-12-23,NEXTERA ENERGY INC,NEE,accumulation_like,entry_observed,2023-02-14,-0.096709070374
2022-12-23,NOVAGOLD RES INC,NG,neutral,continued_holding,2023-02-14,-0.019480519481
2022-12-23,PAYPAL HLDGS INC,PYPL,accumulation_like,likely_accumulation,2023-02-14,0.119223677657
2022-12-23,PINDUODUO INC,PDD,neutral,continued_holding,2023-02-14,0.141140082603
2022-12-23,PINTEREST INC,PINS,neutral,continued_holding,2023-02-14,0.006114961272
2022-12-23,PLUG POWER INC,PLUG,neutral,continued_holding,2023-02-14,0.281199351702
2022-12-23,PROLOGIS INC.,PLD,neutral,continued_holding,2023-02-14,0.124185871341
2022-12-23,SALESFORCE INC,CRM,accumulation_like,entry_observed,2023-02-14,0.313040858149
2022-12-23,SEA LTD,SE,neutral,continued_holding,2023-02-14,0.286658653846
2022-12-23,SELECT SECTOR SPDR TR,XLU,neutral,continued_holding,2023-02-14,-0.043435516240
2022-12-23,SHOPIFY INC,SHOP,accumulation_like,likely_accumulation,2023-02-14,0.486502521507
2022-12-23,SIGNA SPORTS UNITED NV,SSUNF,neutral,continued_holding,2023-02-14,0.286472148541
2022-12-23,STARBUCKS CORP,SBUX,accumulation_like,entry_observed,2023-02-14,0.104288001672
2022-12-23,TAKE-TWO INTERACTIVE SOFTWAR,TTWO,neutral,continued_holding,2023-02-14,0.122808734849
2022-12-23,UBER TECHNOLOGIES INC,UBER,neutral,continued_holding,2023-02-14,0.429788961039
2022-12-23,WALMART INC,WMT,neutral,continued_holding,2023-02-14,0.011963554926
2022-12-23,ZOOM VIDEO COMMUNICATIONS IN,ZM,accumulation_like,entry_observed,2023-02-14,0.182273486113
2023-02-15,ADOBE SYSTEMS INCORPORATED,ADBE,neutral,continued_holding,2023-05-15,-0.080518141193
2023-02-15,ADVANCED MICRO DEVICES INC,AMD,neutral,continued_holding,2023-05-15,0.143460906316
2023-02-15,AIR PRODS & CHEMS INC,APD,neutral,continued_holding,2023-05-15,-0.012032169362
2023-02-15,ALIBABA GROUP HLDG LTD,BABA,neutral,continued_holding,2023-05-15,-0.142995804916
2023-02-15,ALPHABET INC,GOOGL,neutral,continued_holding,2023-05-15,0.201877509291
2023-02-15,AMAZON COM INC,AMZN,neutral,continued_holding,2023-05-15,0.099248714907
2023-02-15,AMERICAN TOWER CORP NEW,AMT,neutral,continued_holding,2023-05-15,-0.090935677820
2023-02-15,AUTOMATIC DATA PROCESSING IN,ADP,neutral,continued_holding,2023-05-15,-0.053775240724
2023-02-15,AVERY DENNISON CORP,AVY,neutral,continued_holding,2023-05-15,-0.062626718270
2023-02-15,BABYLON HLDGS LTD,BBLNF,accumulation_like,entry_observed,2023-05-15,-0.918544776119
2023-02-15,BALLARD PWR SYS INC NEW,BLDP,neutral,continued_holding,2023-05-15,-0.304615384615
2023-02-15,BLACKROCK INC,BLK,neutral,continued_holding,2023-05-15,-0.103292111703
2023-02-15,BOOKING HOLDINGS INC,BKNG,neutral,continued_holding,2023-05-15,0.051454649582
2023-02-15,CARNIVAL CORP,CCL,neutral,continued_holding,2023-05-15,-0.154224788417
2023-02-15,COSTCO WHSL CORP NEW,COST,neutral,continued_holding,2023-05-15,-0.016028512550
2023-02-15,COUPANG INC,CPNG,neutral,continued_holding,2023-05-15,0.007308160780
2023-02-15,CUMMINS INC,CMI,neutral,continued_holding,2023-05-15,-0.132825679581
2023-02-15,DATADOG INC,DDOG,neutral,continued_holding,2023-05-15,-0.002479711452
2023-02-15,ELECTRONIC ARTS INC,EA,neutral,continued_holding,2023-05-15,0.103348531484
2023-02-15,FEDEX CORP,FDX,neutral,continued_holding,2023-05-15,0.049806286551
2023-02-15,FREEPORT-MCMORAN INC,FCX,neutral,continued_holding,2023-05-15,-0.144507138857
2023-02-15,HOME DEPOT INC,HD,neutral,continued_holding,2023-05-15,-0.093783814643
2023-02-15,JPMORGAN CHASE & CO,JPM,neutral,continued_holding,2023-05-15,-0.052273880742
2023-02-15,LINDE PLC,LIN,neutral,continued_holding,2023-05-15,0.113213105261
2023-02-15,LIVE NATION ENTERTAINMENT IN,LYV,neutral,continued_holding,2023-05-15,0.017981511967
2023-02-15,LUCID GROUP INC,LCID,accumulation_like,likely_accumulation,2023-05-15,-0.348773830132
2023-02-15,META PLATFORMS INC,META,neutral,continued_holding,2023-05-15,0.348272730226
2023-02-15,MICROSOFT CORP,MSFT,neutral,continued_holding,2023-05-15,0.149041976651
2023-02-15,MULTIPLAN CORPORATION,MPLN,neutral,continued_holding,2023-05-15,-0.009009009009
2023-02-15,NEXTERA ENERGY INC,NEE,neutral,continued_holding,2023-05-15,0.014259399352
2023-02-15,NOVAGOLD RES INC,NG,neutral,continued_holding,2023-05-15,-0.064735945486
2023-02-15,PAYPAL HLDGS INC,PYPL,neutral,continued_holding,2023-05-15,-0.201001227178
2023-02-15,PINDUODUO INC,PDD,neutral,continued_holding,2023-05-15,-0.300550497565
2023-02-15,PINTEREST INC,PINS,neutral,continued_holding,2023-05-15,-0.131205713160
2023-02-15,PLUG POWER INC,PLUG,neutral,continued_holding,2023-05-15,-0.531902206321
2023-02-15,PROLOGIS INC.,PLD,neutral,continued_holding,2023-05-15,-0.010521373380
2023-02-15,SALESFORCE INC,CRM,neutral,continued_holding,2023-05-15,0.188369282216
2023-02-15,SEA LTD,SE,neutral,continued_holding,2023-05-15,0.338246467102
2023-02-15,SELECT SECTOR SPDR TR,XLU,neutral,continued_holding,2023-05-15,0.012990946747
2023-02-15,SHOPIFY INC,SHOP,neutral,continued_holding,2023-05-15,0.153399513017
2023-02-15,SIGNA SPORTS UNITED NV,SSUNF,neutral,continued_holding,2023-05-15,-0.324947589099
2023-02-15,STARBUCKS CORP,SBUX,neutral,continued_holding,2023-05-15,-0.016804065626
2023-02-15,TAKE-TWO INTERACTIVE SOFTWAR,TTWO,neutral,continued_holding,2023-05-15,0.078654592497
2023-02-15,UBER TECHNOLOGIES INC,UBER,neutral,continued_holding,2023-05-15,0.052718741375
2023-02-15,VISA INC,V,neutral,continued_holding,2023-05-15,0.018971645139
2023-02-15,WALMART INC,WMT,neutral,continued_holding,2023-05-15,0.044395707096
2023-02-15,ZOOM VIDEO COMMUNICATIONS IN,ZM,neutral,continued_holding,2023-05-15,-0.182493512443
2023-05-16,ADOBE SYSTEMS INCORPORATED,ADBE,neutral,continued_holding,2023-08-14,0.513285662927
2023-05-16,ADVANCED MICRO DEVICES INC,AMD,neutral,continued_holding,2023-08-14,0.103468663776
2023-05-16,AIR PRODS & CHEMS INC,APD,accumulation_like,likely_accumulation,2023-08-14,0.061200173531
2023-05-16,ALIBABA GROUP HLDG LTD,BABA,neutral,continued_holding,2023-08-14,0.052951702315
2023-05-16,ALPHABET INC,GOOGL,neutral,continued_holding,2023-08-14,0.098903897925
2023-05-16,AMAZON COM INC,AMZN,neutral,continued_holding,2023-08-14,0.239594444444
2023-05-16,AMERICAN TOWER CORP NEW,AMT,neutral,continued_holding,2023-08-14,-0.012393988554
2023-05-16,AUTOMATIC DATA PROCESSING IN,ADP,neutral,continued_holding,2023-08-14,0.193439503906
2023-05-16,AVERY DENNISON CORP,AVY,neutral,continued_holding,2023-08-14,0.100712463513
2023-05-16,BLACKROCK INC,BLK,neutral,continued_holding,2023-08-14,0.101223431278
2023-05-16,BLOOM ENERGY CORP,BE,accumulation_like,entry_observed,2023-08-14,0.179115853659
2023-05-16,BOOKING HOLDINGS INC,BKNG,neutral,continued_holding,2023-08-14,0.222198998422
2023-05-16,CARNIVAL CORP,CCL,neutral,continued_holding,2023-08-14,0.624517689985
2023-05-16,COSTCO WHSL CORP NEW,COST,neutral,continued_holding,2023-08-14,0.131653698676
2023-05-16,COUPANG INC,CPNG,neutral,continued_holding,2023-08-14,0.211489898990
2023-05-16,CUMMINS INC,CMI,neutral,continued_holding,2023-08-14,0.123150999645
2023-05-16,DATADOG INC,DDOG,neutral,continued_holding,2023-08-14,0.019416373339
2023-05-16,ELECTRONIC ARTS INC,EA,accumulation_like,likely_accumulation,2023-08-14,-0.017311738110
2023-05-16,FEDEX CORP,FDX,neutral,continued_holding,2023-08-14,0.213154954018
2023-05-16,FREEPORT-MCMORAN INC,FCX,neutral,continued_holding,2023-08-14,0.171231272284
2023-05-16,HOME DEPOT INC,HD,neutral,continued_holding,2023-08-14,0.177021308316
2023-05-16,JPMORGAN CHASE & CO,JPM,neutral,continued_holding,2023-08-14,0.160107587476
2023-05-16,LINDE PLC,LIN,accumulation_like,entry_observed,2023-08-14,0.048231218656
2023-05-16,LIVE NATION ENTERTAINMENT IN,LYV,neutral,continued_holding,2023-08-14,0.066996904025
2023-05-16,LUCID GROUP INC,LCID,neutral,continued_holding,2023-08-14,-0.030085959885
2023-05-16,META PLATFORMS INC,META,neutral,continued_holding,2023-08-14,0.282095284547
2023-05-16,MICROSOFT CORP,MSFT,neutral,continued_holding,2023-08-14,0.041723392507
2023-05-16,MULTIPLAN CORPORATION,MPLN,neutral,continued_holding,2023-08-14,0.747663551402
2023-05-16,NEXTERA ENERGY INC,NEE,neutral,continued_holding,2023-08-14,-0.090232881134
2023-05-16,NOVAGOLD RES INC,NG,neutral,continued_holding,2023-08-14,-0.221402214022
2023-05-16,PAYPAL HLDGS INC,PYPL,accumulation_like,likely_accumulation,2023-08-14,0.040625173106
2023-05-16,PDD HOLDINGS INC,PDD,accumulation_like,entry_observed,2023-08-14,0.233903916561
2023-05-16,PINTEREST INC,PINS,neutral,continued_holding,2023-08-14,0.211208893006
2023-05-16,PLUG POWER INC,PLUG,neutral,continued_holding,2023-08-14,0.230463576159
2023-05-16,PROLOGIS INC.,PLD,neutral,continued_holding,2023-08-14,0.025638068159
2023-05-16,SALESFORCE INC,CRM,neutral,continued_holding,2023-08-14,0.036664052744
2023-05-16,SEA LTD,SE,accumulation_like,likely_accumulation,2023-08-14,-0.214630779848
2023-05-16,SELECT SECTOR SPDR TR,XLU,neutral,continued_holding,2023-08-14,-0.023533017635
2023-05-16,SHOPIFY INC,SHOP,neutral,continued_holding,2023-08-14,-0.068862275449
2023-05-16,SIGNA SPORTS UNITED NV,SSUNF,neutral,continued_holding,2023-08-14,-0.206451612903
2023-05-16,STARBUCKS CORP,SBUX,neutral,continued_holding,2023-08-14,-0.035469329677
2023-05-16,TAKE-TWO INTERACTIVE SOFTWAR,TTWO,neutral,continued_holding,2023-08-14,0.147762971034
2023-05-16,UBER TECHNOLOGIES INC,UBER,neutral,continued_holding,2023-08-14,0.197916666667
2023-05-16,WALMART INC,WMT,neutral,continued_holding,2023-08-14,0.072017321612
2023-05-16,ZOOM VIDEO COMMUNICATIONS IN,ZM,neutral,continued_holding,2023-08-14,0.023639945446
2023-08-15,ADOBE SYSTEMS INCORPORATED,ADBE,neutral,continued_holding,2023-11-14,0.165085807498
2023-08-15,ADVANCED MICRO DEVICES INC,AMD,neutral,continued_holding,2023-11-14,0.076605298608
2023-08-15,AIR PRODS & CHEMS INC,APD,accumulation_like,likely_accumulation,2023-11-14,-0.052930561915
2023-08-15,ALIBABA GROUP HLDG LTD,BABA,accumulation_like,likely_accumulation,2023-11-14,-0.084288586130
2023-08-15,ALPHABET INC,GOOGL,neutral,continued_holding,2023-11-14,0.029588501494
2023-08-15,AMAZON COM INC,AMZN,neutral,continued_holding,2023-11-14,0.059054260187
2023-08-15,AMERICAN TOWER CORP NEW,AMT,neutral,continued_holding,2023-11-14,0.056513687369
2023-08-15,AUTOMATIC DATA PROCESSING IN,ADP,neutral,continued_holding,2023-11-14,-0.077310897286
2023-08-15,BALLARD PWR SYS INC NEW,BLDP,neutral,continued_holding,2023-11-14,-0.172727272727
2023-08-15,BLACKROCK INC,BLK,neutral,continued_holding,2023-11-14,0.043923786250
2023-08-15,BLOOM ENERGY CORP,BE,neutral,continued_holding,2023-11-14,-0.166103983795
2023-08-15,BOOKING HOLDINGS INC,BKNG,neutral,continued_holding,2023-11-14,-0.008454784839
2023-08-15,CARNIVAL CORP,CCL,neutral,continued_holding,2023-11-14,-0.163756824317
2023-08-15,COSTCO WHSL CORP NEW,COST,neutral,continued_holding,2023-11-14,0.061750874356
2023-08-15,COUPANG INC,CPNG,neutral,continued_holding,2023-11-14,-0.162704701532
2023-08-15,CUMMINS INC,CMI,neutral,continued_holding,2023-11-14,-0.034359744924
2023-08-15,DATADOG INC,DDOG,neutral,continued_holding,2023-11-14,0.231586048351
2023-08-15,ELECTRONIC ARTS INC,EA,neutral,continued_holding,2023-11-14,0.108976721631
2023-08-15,FEDEX CORP,FDX,neutral,continued_holding,2023-11-14,-0.038108574571
2023-08-15,FREEPORT-MCMORAN INC,FCX,neutral,continued_holding,2023-11-14,-0.115658795467
2023-08-15,HOME DEPOT INC,HD,neutral,continued_holding,2023-11-14,-0.080036724313
2023-08-15,JPMORGAN CHASE & CO,JPM,neutral,continued_holding,2023-11-14,-0.008636964925
2023-08-15,LINDE PLC,LIN,neutral,continued_holding,2023-11-14,0.067768694562
2023-08-15,LIVE NATION ENTERTAINMENT IN,LYV,neutral,continued_holding,2023-11-14,0.033561723377
2023-08-15,LUCID GROUP INC,LCID,accumulation_like,likely_accumulation,2023-11-14,-0.349453957861
2023-08-15,META PLATFORMS INC,META,neutral,continued_holding,2023-11-14,0.113793598462
2023-08-15,MICROSOFT CORP,MSFT,neutral,continued_holding,2023-11-14,0.152837511494
2023-08-15,MULTIPLAN CORPORATION,MPLN,neutral,continued_holding,2023-11-14,-0.203389830508
2023-08-15,NEXTERA ENERGY INC,NEE,neutral,continued_holding,2023-11-14,-0.139629292963
2023-08-15,NOVAGOLD RES INC,NG,neutral,continued_holding,2023-11-14,-0.038740920097
2023-08-15,PAYPAL HLDGS INC,PYPL,neutral,continued_holding,2023-11-14,-0.046914331175
2023-08-15,PDD HOLDINGS INC,PDD,neutral,continued_holding,2023-11-14,0.407914764079
2023-08-15,PINTEREST INC,PINS,neutral,continued_holding,2023-11-14,0.251750972763
2023-08-15,PLUG POWER INC,PLUG,neutral,continued_holding,2023-11-14,-0.524184476940
2023-08-15,PROLOGIS INC.,PLD,neutral,continued_holding,2023-11-14,-0.102656794739
2023-08-15,SALESFORCE INC,CRM,neutral,continued_holding,2023-11-14,0.059392603228
2023-08-15,SEA LTD,SE,neutral,continued_holding,2023-11-14,-0.116067028093
2023-08-15,SELECT SECTOR SPDR TR,XLU,neutral,continued_holding,2023-11-14,-0.000691641055
2023-08-15,SHOPIFY INC,SHOP,neutral,continued_holding,2023-11-14,0.183953740513
2023-08-15,SIGNA SPORTS UNITED NV,SSUNF,neutral,continued_holding,2023-11-14,-0.996666666835
2023-08-15,STARBUCKS CORP,SBUX,neutral,continued_holding,2023-11-14,0.061346460397
2023-08-15,TAKE-TWO INTERACTIVE SOFTWAR,TTWO,neutral,continued_holding,2023-11-14,0.099562762495
2023-08-15,UBER TECHNOLOGIES INC,UBER,neutral,continued_holding,2023-11-14,0.222322993543
2023-08-15,VISA INC,V,neutral,continued_holding,2023-11-14,0.031833419822
2023-08-15,WALMART INC,WMT,neutral,continued_holding,2023-11-14,0.053210249993
2023-08-15,ZOOM VIDEO COMMUNICATIONS IN,ZM,neutral,continued_holding,2023-11-14,-0.049803180436
2023-11-15,ADOBE INC,ADBE,accumulation_like,entry_observed,2024-02-14,0.015706052309
2023-11-15,ADVANCED MICRO DEVICES INC,AMD,neutral,continued_holding,2024-02-14,0.514406779661
2023-11-15,AIR PRODS & CHEMS INC,APD,neutral,continued_holding,2024-02-14,-0.201831572249
2023-11-15,ALIBABA GROUP HLDG LTD,BABA,neutral,continued_holding,2024-02-14,-0.145934679274
2023-11-15,ALPHABET INC,GOOGL,neutral,continued_holding,2024-02-14,0.084088590350
2023-11-15,AMAZON COM INC,AMZN,neutral,continued_holding,2024-02-14,0.193994413408
2023-11-15,AMERICAN TOWER CORP NEW,AMT,neutral,continued_holding,2024-02-14,-0.030162185187
2023-11-15,AUTOMATIC DATA PROCESSING IN,ADP,neutral,continued_holding,2024-02-14,0.095251950884
2023-11-15,AVERY DENNISON CORP,AVY,neutral,continued_holding,2024-02-14,0.096708628271
2023-11-15,BALLARD PWR SYS INC NEW,BLDP,neutral,continued_holding,2024-02-14,-0.121951219512
2023-11-15,BEIGENE LTD,BEIGF,accumulation_like,likely_accumulation,2024-02-14,0.000000000000
2023-11-15,BLACKROCK INC,BLK,neutral,continued_holding,2024-02-14,0.115352046341
2023-11-15,BLOOM ENERGY CORP,BE,neutral,continued_holding,2024-02-14,-0.065442936951
2023-11-15,BOOKING HOLDINGS INC,BKNG,neutral,continued_holding,2024-02-14,0.197861364533
2023-11-15,CARNIVAL CORP,CCL,neutral,continued_holding,2024-02-14,0.048044085849
2023-11-15,COSTCO WHSL CORP NEW,COST,neutral,continued_holding,2024-02-14,0.238850308702
2023-11-15,COUPANG INC,CPNG,neutral,continued_holding,2024-02-14,-0.042485732403
2023-11-15,CUMMINS INC,CMI,neutral,continued_holding,2024-02-14,0.172850395313
2023-11-15,DATADOG INC,DDOG,neutral,continued_holding,2024-02-14,0.244060581140
2023-11-15,ELECTRONIC ARTS INC,EA,neutral,continued_holding,2024-02-14,0.065820616344
2023-11-15,ERMENEGILDO ZEGNA N V,ZGN,accumulation_like,entry_observed,2024-02-14,0.068908362051
2023-11-15,FREEPORT-MCMORAN INC,FCX,neutral,continued_holding,2024-02-14,0.035209716533
2023-11-15,HOME DEPOT INC,HD,neutral,continued_holding,2024-02-14,0.170120481520
2023-11-15,JPMORGAN CHASE & CO,JPM,neutral,continued_holding,2024-02-14,0.182775395717
2023-11-15,LINDE PLC,LIN,neutral,continued_holding,2024-02-14,0.042058983162
2023-11-15,LIVE NATION ENTERTAINMENT IN,LYV,neutral,continued_holding,2024-02-14,0.002354524050
2023-11-15,LUCID GROUP INC,LCID,neutral,continued_holding,2024-02-14,-0.182464454976
2023-11-15,META PLATFORMS INC,META,neutral,continued_holding,2024-02-14,0.422500079969
2023-11-15,MICROSOFT CORP,MSFT,neutral,continued_holding,2024-02-14,0.109762310548
2023-11-15,MULTIPLAN CORPORATION,MPLN,neutral,continued_holding,2024-02-14,-0.132352941176
2023-11-15,NEXTERA ENERGY INC,NEE,neutral,continued_holding,2024-02-14,-0.009445379751
2023-11-15,NOVAGOLD RES INC,NG,neutral,continued_holding,2024-02-14,-0.370466321244
2023-11-15,PAYPAL HLDGS INC,PYPL,neutral,continued_holding,2024-02-14,0.010643835550
2023-11-15,PDD HOLDINGS INC,PDD,accumulation_like,likely_accumulation,2024-02-14,0.153731816990
2023-11-15,PINTEREST INC,PINS,accumulation_like,likely_accumulation,2024-02-14,0.131396083386
2023-11-15,PLUG POWER INC,PLUG,neutral,continued_holding,2024-02-14,-0.027586206897
2023-11-15,PROLOGIS INC.,PLD,accumulation_like,likely_accumulation,2024-02-14,0.188381109847
2023-11-15,SALESFORCE INC,CRM,neutral,continued_holding,2024-02-14,0.317792326613
2023-11-15,SEA LTD,SE,neutral,continued_holding,2024-02-14,0.109119251754
2023-11-15,SELECT SECTOR SPDR TR,XLU,neutral,continued_holding,2024-02-14,-0.006063596219
2023-11-15,SHOPIFY INC,SHOP,neutral,continued_holding,2024-02-14,0.188946204864
2023-11-15,SIGNA SPORTS UNITED NV,SSUNF,neutral,continued_holding,2024-02-14,-0.733333312889
2023-11-15,STARBUCKS CORP,SBUX,neutral,continued_holding,2024-02-14,-0.107492305350
2023-11-15,TAKE-TWO INTERACTIVE SOFTWAR,TTWO,neutral,continued_holding,2024-02-14,0.011562946603
2023-11-15,UBER TECHNOLOGIES INC,UBER,neutral,continued_holding,2024-02-14,0.472284226190
2023-11-15,VISA INC,V,neutral,continued_holding,2024-02-14,0.120779448473
2023-11-15,WALMART INC,WMT,neutral,continued_holding,2024-02-14,-0.003275499294
2023-11-15,ZOOM VIDEO COMMUNICATIONS IN,ZM,neutral,continued_holding,2024-02-14,0.006275494195
2024-02-15,ADOBE INC,ADBE,neutral,continued_holding,2024-05-15,-0.177985891877
2024-02-15,ADVANCED MICRO DEVICES INC,AMD,neutral,continued_holding,2024-05-15,-0.096684719206
2024-02-15,AIR PRODS & CHEMS INC,APD,neutral,continued_holding,2024-05-15,0.116686041474
2024-02-15,ALIBABA GROUP HLDG LTD,BABA,neutral,continued_holding,2024-05-15,0.097128214041
2024-02-15,ALPHABET INC,GOOGL,neutral,continued_holding,2024-05-15,0.208306965966
2024-02-15,AMAZON COM INC,AMZN,neutral,continued_holding,2024-05-15,0.095347526502
2024-02-15,AMERICAN TOWER CORP NEW,AMT,neutral,continued_holding,2024-05-15,0.022535461587
2024-02-15,AUTOMATIC DATA PROCESSING IN,ADP,neutral,continued_holding,2024-05-15,-0.015923762134
2024-02-15,AVERY DENNISON CORP,AVY,neutral,continued_holding,2024-05-15,0.087637886827
2024-02-15,BALLARD PWR SYS INC NEW,BLDP,neutral,continued_holding,2024-05-15,-0.039877300613
2024-02-15,BEIGENE LTD,BEIGF,neutral,continued_holding,2024-05-15,-0.119664100770
2024-02-15,BLACKROCK INC,BLK,neutral,continued_holding,2024-05-15,0.028420161616
2024-02-15,BLOOM ENERGY CORP,BE,neutral,continued_holding,2024-05-15,0.074352548037
2024-02-15,BOOKING HOLDINGS INC,BKNG,neutral,continued_holding,2024-05-15,0.075687913870
2024-02-15,CARNIVAL CORP,CCL,accumulation_like,entry_observed,2024-05-15,-0.023652832972
2024-02-15,COSTCO WHSL CORP NEW,COST,neutral,continued_holding,2024-05-15,0.088047308299
2024-02-15,COUPANG INC,CPNG,neutral,continued_holding,2024-05-15,0.428934010152
2024-02-15,CUMMINS INC,CMI,neutral,continued_holding,2024-05-15,0.106112970110
2024-02-15,DATADOG INC,DDOG,neutral,continued_holding,2024-05-15,-0.101410800971
2024-02-15,ELECTRONIC ARTS INC,EA,neutral,continued_holding,2024-05-15,-0.112877045664
2024-02-15,ERMENEGILDO ZEGNA N V,ZGN,accumulation_like,likely_accumulation,2024-05-15,-0.020344184851
2024-02-15,FREEPORT-MCMORAN INC,FCX,neutral,continued_holding,2024-05-15,0.403640094799
2024-02-15,HOME DEPOT INC,HD,neutral,continued_holding,2024-05-15,-0.028628074390
2024-02-15,JPMORGAN CHASE & CO,JPM,neutral,continued_holding,2024-05-15,0.130161199594
2024-02-15,LINDE PLC,LIN,neutral,continued_holding,2024-05-15,0.007931531323
2024-02-15,LIVE NATION ENTERTAINMENT IN,LYV,neutral,continued_holding,2024-05-15,0.028242566343
2024-02-15,LUCID GROUP INC,LCID,neutral,continued_holding,2024-05-15,-0.201101928375
2024-02-15,META PLATFORMS INC,META,neutral,continued_holding,2024-05-15,-0.004089875358
2024-02-15,MICROSOFT CORP,MSFT,neutral,continued_holding,2024-05-15,0.042507188187
2024-02-15,MULTIPLAN CORPORATION,MPLN,neutral,continued_holding,2024-05-15,-0.527142857143
2024-02-15,NEXTERA ENERGY INC,NEE,neutral,continued_holding,2024-05-15,0.357584462997
2024-02-15,NOVAGOLD RES INC,NG,neutral,continued_holding,2024-05-15,0.245059288538
2024-02-15,PAYPAL HLDGS INC,PYPL,neutral,continued_holding,2024-05-15,0.070351716482
2024-02-15,PDD HOLDINGS INC,PDD,neutral,continued_holding,2024-05-15,0.044191468801
2024-02-15,PINTEREST INC,PINS,neutral,continued_holding,2024-05-15,0.160196828868
2024-02-15,PROLOGIS INC.,PLD,neutral,continued_holding,2024-05-15,-0.167561455706
2024-02-15,SALESFORCE INC,CRM,neutral,continued_holding,2024-05-15,-0.013786668620
2024-02-15,SEA LTD,SE,neutral,continued_holding,2024-05-15,0.560354626051
2024-02-15,SELECT SECTOR SPDR TR,XLU,neutral,continued_holding,2024-05-15,0.202571250413
2024-02-15,SHOPIFY INC,SHOP,neutral,continued_holding,2024-05-15,-0.300357142857
2024-02-15,SIGNA SPORTS UNITED NV,SSUNF,neutral,continued_holding,2024-05-15,-0.900000005000
2024-02-15,STARBUCKS CORP,SBUX,neutral,continued_holding,2024-05-15,-0.187942527670
2024-02-15,TAKE-TWO INTERACTIVE SOFTWAR,TTWO,neutral,continued_holding,2024-05-15,-0.056574970911
2024-02-15,UBER TECHNOLOGIES INC,UBER,neutral,continued_holding,2024-05-15,-0.181471925298
2024-02-15,VISA INC,V,neutral,continued_holding,2024-05-15,0.001850623624
2024-02-15,WALMART INC,WMT,neutral,continued_holding,2024-05-15,0.067502588702
2024-02-15,ZOOM VIDEO COMMUNICATIONS IN,ZM,neutral,continued_holding,2024-05-15,-0.003591520868
2024-05-16,ALIBABA GROUP HLDG LTD,BABA,accumulation_like,likely_accumulation,2024-09-30,0.239674959034
2024-05-16,AVERY DENNISON CORP,AVY,neutral,continued_holding,2024-09-30,-0.009257954656
2024-05-16,BALLARD PWR SYS INC NEW,BLDP,neutral,continued_holding,2024-09-30,-0.426751592357
2024-05-16,BEIGENE LTD,BEIGF,neutral,continued_holding,2024-09-30,0.232114467409
2024-05-16,BLOOM ENERGY CORP,BE,accumulation_like,likely_accumulation,2024-09-30,-0.136549468520
2024-05-16,CUMMINS INC,CMI,neutral,continued_holding,2024-09-30,0.138174221828
2024-05-16,ELECTRONIC ARTS INC,EA,neutral,continued_holding,2024-09-30,0.113574615631
2024-05-16,ERMENEGILDO ZEGNA N V,ZGN,accumulation_like,likely_accumulation,2024-09-30,-0.222041594215
2024-05-16,FEDEX CORP,FDX,neutral,continued_holding,2024-09-30,0.068515853574
2024-05-16,LINDE PLC,LIN,neutral,continued_holding,2024-09-30,0.116592894488
2024-05-16,LUCID GROUP INC,LCID,neutral,continued_holding,2024-09-30,0.225694444444
2024-05-16,MULTIPLAN CORPORATION,MPLN,neutral,continued_holding,2024-09-30,-0.680281218614
2024-05-16,NU HLDGS LTD,NU,accumulation_like,entry_observed,2024-09-30,0.165670367208
2024-05-16,PDD HOLDINGS INC,PDD,neutral,continued_holding,2024-09-30,-0.059771237272
2024-05-16,PINTEREST INC,PINS,accumulation_like,likely_accumulation,2024-09-30,-0.243161094225
2024-05-16,PROLOGIS INC.,PLD,neutral,continued_holding,2024-09-30,0.158048936344
2024-05-16,SEA LTD,SE,neutral,continued_holding,2024-09-30,0.319708846585
2024-05-16,SHOPIFY INC,SHOP,neutral,continued_holding,2024-09-30,0.386265352015
2024-05-16,TAKE-TWO INTERACTIVE SOFTWAR,TTWO,neutral,continued_holding,2024-09-30,0.052231707938
2024-05-16,UBER TECHNOLOGIES INC,UBER,neutral,continued_holding,2024-09-30,0.137925762093
2024-05-16,WALMART INC,WMT,accumulation_like,likely_accumulation,2024-09-30,0.265098697317
2024-10-01,AMAZON COM INC,AMZN,accumulation_like,entry_observed,2024-11-14,0.142332415060
2024-11-15,AIR PRODS & CHEMS INC,APD,accumulation_like,entry_observed,2025-02-14,0.002993204868
2024-11-15,ALIBABA GROUP HLDG LTD,BABA,accumulation_like,entry_observed,2025-02-14,0.407946857082
2024-11-15,AMAZON COM INC,AMZN,neutral,continued_holding,2025-02-14,0.128670796111
2024-11-15,AVERY DENNISON CORP,AVY,accumulation_like,entry_observed,2025-02-14,-0.077586219928
2024-11-15,BALLARD PWR SYS INC NEW,BLDP,accumulation_like,entry_observed,2025-02-14,0.148437500000
2024-11-15,BEIGENE LTD,BEIGF,accumulation_like,entry_observed,2025-02-14,-0.023225806452
2024-11-15,BLOOM ENERGY CORP,BE,accumulation_like,entry_observed,2025-02-14,0.201986754967
2024-11-15,CUMMINS INC,CMI,accumulation_like,entry_observed,2025-02-14,0.038066231191
2024-11-15,ELECTRONIC ARTS INC,EA,accumulation_like,entry_observed,2025-02-14,-0.197143137023
2024-11-15,ERMENEGILDO ZEGNA N V,ZGN,accumulation_like,entry_observed,2025-02-14,0.203777980281
2024-11-15,FEDEX CORP,FDX,accumulation_like,entry_observed,2025-02-14,-0.086169510671
2024-11-15,LINDE PLC,LIN,accumulation_like,entry_observed,2025-02-14,0.020667693776
2024-11-15,LUCID GROUP INC,LCID,accumulation_like,entry_observed,2025-02-14,0.646766069652
2024-11-15,META PLATFORMS INC,META,accumulation_like,entry_observed,2025-02-14,0.330608795578
2024-11-15,MULTIPLAN CORPORATION,CTEV,accumulation_like,entry_observed,2025-02-14,3.467637540453
2024-11-15,NU HLDGS LTD,NU,accumulation_like,entry_observed,2025-02-14,-0.025604551920
2024-11-15,PAYPAL HLDGS INC,PYPL,accumulation_like,entry_observed,2025-02-14,-0.091576464139
2024-11-15,PDD HOLDINGS INC,PDD,accumulation_like,entry_observed,2025-02-14,0.089122807018
2024-11-15,PINTEREST INC,PINS,accumulation_like,entry_observed,2025-02-14,0.376416430595
2024-11-15,PROLOGIS INC.,PLD,accumulation_like,entry_observed,2025-02-14,0.074713167968
2024-11-15,SEA LTD,SE,accumulation_like,entry_observed,2025-02-14,0.310957839518
2024-11-15,SHOPIFY INC,SHOP,accumulation_like,entry_observed,2025-02-14,0.183058438566
2024-11-15,TAKE-TWO INTERACTIVE SOFTWAR,TTWO,accumulation_like,entry_observed,2025-02-14,0.175318038509
2024-11-15,UBER TECHNOLOGIES INC,UBER,accumulation_like,entry_observed,2025-02-14,0.084232081911
2024-11-15,VISA INC,V,accumulation_like,entry_observed,2025-02-14,0.144568879554
2024-11-15,WALMART INC,WMT,accumulation_like,entry_observed,2025-02-14,0.237619522163
2025-02-18,AIR PRODS & CHEMS INC,APD,neutral,continued_holding,2025-05-15,-0.129079976714
2025-02-18,ALIBABA GROUP HLDG LTD,BABA,neutral,continued_holding,2025-05-15,-0.023640722165
2025-02-18,AMAZON COM INC,AMZN,accumulation_like,likely_accumulation,2025-05-15,-0.094771634448
2025-02-18,AVERY DENNISON CORP,AVY,neutral,continued_holding,2025-05-15,-0.004994743622
2025-02-18,BALLARD PWR SYS INC NEW,BLDP,neutral,continued_holding,2025-05-15,-0.086666666667
2025-02-18,BEIGENE LTD,BEIGF,neutral,continued_holding,2025-05-15,0.053500660502
2025-02-18,BLOOM ENERGY CORP,BE,neutral,continued_holding,2025-05-15,-0.238278247502
2025-02-18,CUMMINS INC,CMI,neutral,continued_holding,2025-05-15,-0.119873261713
2025-02-18,DOORDASH INC,DASH,accumulation_like,entry_observed,2025-05-15,-0.070151389348
2025-02-18,ELECTRONIC ARTS INC,EA,neutral,continued_holding,2025-05-15,0.167010012499
2025-02-18,ERMENEGILDO ZEGNA N V,ZGN,accumulation_like,likely_accumulation,2025-05-15,-0.027870004879
2025-02-18,FEDEX CORP,FDX,neutral,continued_holding,2025-05-15,-0.131179560883
2025-02-18,LINDE PLC,LIN,neutral,continued_holding,2025-05-15,-0.021681380357
2025-02-18,LUCID GROUP INC,LCID,accumulation_like,likely_accumulation,2025-05-15,-0.227011494253
2025-02-18,META PLATFORMS INC,META,neutral,continued_holding,2025-05-15,-0.100391794542
2025-02-18,MULTIPLAN CORPORATION,CTEV,neutral,continued_holding,2025-05-15,-0.054614586934
2025-02-18,NU HLDGS LTD,NU,accumulation_like,likely_accumulation,2025-05-15,-0.030280649926
2025-02-18,PAYPAL HLDGS INC,PYPL,neutral,continued_holding,2025-05-15,-0.089671872944
2025-02-18,PDD HOLDINGS INC,PDD,neutral,continued_holding,2025-05-15,-0.082671720172
2025-02-18,PINTEREST INC,PINS,neutral,continued_holding,2025-05-15,-0.180061037640
2025-02-18,PROLOGIS INC.,PLD,neutral,continued_holding,2025-05-15,-0.091632811523
2025-02-18,SEA LTD,SE,neutral,continued_holding,2025-05-15,0.187635261867
2025-02-18,SHOPIFY INC,SHOP,neutral,continued_holding,2025-05-15,-0.147707060552
2025-02-18,TAKE-TWO INTERACTIVE SOFTWAR,TTWO,neutral,continued_holding,2025-05-15,0.073759127461
2025-02-18,UBER TECHNOLOGIES INC,UBER,neutral,continued_holding,2025-05-15,0.106393422506
2025-05-16,AIR PRODS & CHEMS INC,APD,accumulation_like,likely_accumulation,2025-08-14,0.054114549322
2025-05-16,ALIBABA GROUP HLDG LTD,BABA,neutral,continued_holding,2025-08-14,0.006904393160
2025-05-16,AMAZON COM INC,AMZN,accumulation_like,likely_accumulation,2025-08-14,0.123498224622
2025-05-16,AVERY DENNISON CORP,AVY,neutral,continued_holding,2025-08-14,-0.024670580890
2025-05-16,BEIGENE LTD,BEIGF,accumulation_like,entry_observed,2025-08-14,0.000000000000
2025-05-16,BLOOM ENERGY CORP,BE,accumulation_like,likely_accumulation,2025-08-14,1.243162605669
2025-05-16,CLARITEV CORPORATION,MPLN,accumulation_like,entry_observed,2025-08-14,1.476625273923
2025-05-16,CUMMINS INC,CMI,neutral,continued_holding,2025-08-14,0.217081639649
2025-05-16,DOORDASH INC,DASH,accumulation_like,likely_accumulation,2025-08-14,0.224950495050
2025-05-16,ELECTRONIC ARTS INC,EA,neutral,continued_holding,2025-08-14,0.182736345931
2025-05-16,ERMENEGILDO ZEGNA N V,ZGN,neutral,continued_holding,2025-08-14,-0.046806272766
2025-05-16,FEDEX CORP,FDX,neutral,continued_holding,2025-08-14,0.013255528377
2025-05-16,LINDE PLC,LIN,neutral,continued_holding,2025-08-14,0.046841786562
2025-05-16,LUCID GROUP INC,LCID,neutral,continued_holding,2025-08-14,-0.207746478873
2025-05-16,NU HLDGS LTD,NU,neutral,continued_holding,2025-08-14,-0.079693486590
2025-05-16,PAYPAL HLDGS INC,PYPL,neutral,continued_holding,2025-08-14,-0.038791917367
2025-05-16,PDD HOLDINGS INC,PDD,neutral,continued_holding,2025-08-14,-0.024402686846
2025-05-16,PROLOGIS INC.,PLD,neutral,continued_holding,2025-08-14,-0.033461580173
2025-05-16,SEA LTD,SE,neutral,continued_holding,2025-08-14,0.077394621224
2025-05-16,SHOPIFY INC,SHOP,neutral,continued_holding,2025-08-14,0.302663656885
2025-05-16,TAKE-TWO INTERACTIVE SOFTWAR,TTWO,neutral,continued_holding,2025-08-14,0.028314323529
2025-05-16,UBER TECHNOLOGIES INC,UBER,neutral,continued_holding,2025-08-14,-0.004248828848
2025-05-16,VISA INC,V,neutral,continued_holding,2025-08-14,-0.052101118465
2025-08-15,BEONE MEDICINES LTD,ONC,accumulation_like,entry_observed,2025-11-14,0.138349581104
2025-08-15,CLARITEV CORPORATION,MPLN,neutral,continued_holding,2025-11-14,-0.395894428152
2025-08-15,ELECTRONIC ARTS INC,EA,neutral,continued_holding,2025-11-14,0.152505114990
2025-08-15,LUCID GROUP INC,LCID,neutral,continued_holding,2025-11-14,-0.348623853211
2025-08-15,TAKE-TWO INTERACTIVE SOFTWAR,TTWO,neutral,continued_holding,2025-11-14,0.012274998375
2025-08-15,UBER TECHNOLOGIES INC,UBER,neutral,continued_holding,2025-11-14,-0.010583153348
2025-11-17,CLARITEV CORPORATION,MPLN,neutral,continued_holding,2026-02-17,-0.394177812746
2025-11-17,ELECTRONIC ARTS INC,EA,neutral,continued_holding,2026-02-17,-0.005231773458
2025-11-17,LUCID GROUP INC,LCID,accumulation_like,entry_observed,2026-02-17,-0.231603408211
2025-11-17,TAKE-TWO INTERACTIVE SOFTWAR,TTWO,neutral,continued_holding,2026-02-17,-0.170005993664
2025-11-17,UBER TECHNOLOGIES INC,UBER,neutral,continued_holding,2026-02-17,-0.234285093909
2026-02-18,CLARITEV CORPORATION,MPLN,neutral,continued_holding,2026-05-15,-0.411290322581
2026-02-18,ELECTRONIC ARTS INC,EA,neutral,continued_holding,2026-05-15,0.002997732261
2026-02-18,LUCID GROUP INC,LCID,neutral,continued_holding,2026-05-15,-0.383673469388
2026-02-18,UBER TECHNOLOGIES INC,UBER,neutral,continued_holding,2026-05-15,0.031881214786
